종목코드,종목명,시장,발굴횟수,평균점수,최고점수,최저점수,시작가,종료가,평균거래대금,수익률
487340,머니마켓액티브,KOSPI,18,76.38888888888889,85,60,103785.0,104055.0,102.98262088888889,0.26015320132968256
495550,코리아밸류업TR,KOSPI,15,64.66666666666667,80,60,22105.0,26710.0,27.42594120333333,20.83239086179598
006340,대원전선,KOSPI,14,69.28571428571429,80,60,3750.0,6790.0,1311.6643612714286,81.06666666666666
429000,미국S,KOSPI,14,67.5,75,60,13455.0,13755.0,20.19539496214286,2.229654403567438
011150,씨푸드,KOSPI,13,73.84615384615384,90,60,2870.0,3020.0,14.291803192307693,5.226480836236935
290130,사회책임투자,KOSPI,13,73.84615384615384,80,60,31380.0,38525.0,256.4225482,22.769279796048437
473330,미국30년국채커버드콜,KOSPI,13,71.15384615384616,90,65,9075.0,9290.0,61.974259923846155,2.369146005509637
381180,미국필라델피아반도체나스닥,KOSPI,13,69.23076923076923,80,60,30185.0,31570.0,772.7524592192308,4.588371707801886
152500,레버리지,KOSPI,13,64.23076923076923,80,60,27325.0,44910.0,94.16813583846154,64.35498627630376
473440,월만기자동연장회사채AA-이상액티브,KOSPI,12,85.83333333333333,100,65,10655.0,10685.0,17.055322695833333,0.2815579540121904
458260,미국투자등급회사채액티브,KOSPI,12,69.58333333333333,80,60,48446.0,49005.0,16.005091724166665,1.1538620319531123
495330,코리아밸류업,KOSPI,12,67.91666666666667,80,60,21582.0,25560.0,34.9859504825,18.43202668890742
138530,그룹플러스,KOSPI,12,67.5,80,60,9035.0,11105.0,39.278552445833334,22.910902047592696
337140,코스피대형주,KOSPI,12,66.25,85,60,25400.0,32500.0,32.977301795833334,27.952755905511808
004700,조광피혁,KOSPI,11,74.54545454545455,85,60,72900.0,74700.0,17.484562636363634,2.4691358024691468
085620,미래에셋생명,KOSPI,11,72.72727272727273,85,65,10000.0,14880.0,206.26511543636363,48.8
491230,국공채머니마켓액티브,KOSPI,11,72.27272727272727,85,65,51630.0,51745.0,17.340437363636365,0.22273871779971977
015860,일진홀딩스,KOSPI,11,71.36363636363636,80,60,7600.0,9280.0,41.56778919090909,22.10526315789474
253150,선물레버리지,KOSPI,11,70.45454545454545,80,60,123795.0,155705.0,24.321434781818184,25.776485318470055
451060,액티브,KOSPI,11,70.0,85,60,23545.0,30760.0,76.39201075454545,30.643448715226175
472150,배당커버드콜액티브,KOSPI,11,68.18181818181819,80,60,15277.0,18610.0,564.5602790436365,21.81711068927146
114820,국채3년,KOSPI,11,65.9090909090909,80,60,104865.0,105390.0,22.605249845454548,0.5006436847375229
423160,금리액티브,KOSPI,11,65.0,65,65,110420.0,110635.0,478.66961399090906,0.19471110306104045
292150,코리아TOP10,KOSPI,11,64.54545454545455,70,60,29355.0,34490.0,1462.5127294772728,17.492761028785566
475150,이터닉스,KOSPI,11,64.54545454545455,70,60,21050.0,30050.0,2021.4281884545453,42.75534441805227
007540,샘표,KOSPI,11,64.0909090909091,65,60,50700.0,65000.0,48.378831999999996,28.205128205128215
071055,한국금융지주우,KOSPI,11,63.63636363636363,75,60,140400.0,189500.0,100.15603845454544,34.971509971509974
495850,코리아밸류업,KOSPI,11,63.63636363636363,80,60,22219.0,27625.0,331.90599624090913,24.33052792654935
261140,우선주,KOSPI,10,76.0,100,60,20655.0,24945.0,40.953339755,20.769789397240366
426020,미국S,KOSPI,10,74.0,80,70,29015.0,29150.0,44.915060604999994,0.46527658107875514
442570,액티브,KOSPI,10,72.5,80,60,16210.0,16325.0,29.109444135,0.7094386181369483
012800,대창,KOSPI,10,71.5,80,65,1389.0,1625.0,47.268260265,16.990640748740105
286940,롯데이노베이트,KOSPI,10,71.5,80,60,21850.0,24350.0,29.7588598,11.441647597254011
005810,풍산홀딩스,KOSPI,10,69.5,75,60,39500.0,40800.0,19.6422092,3.2911392405063244
000500,가온전선,KOSPI,10,69.0,80,60,90000.0,122000.0,137.4312782,35.555555555555564
001820,삼화콘덴서,KOSPI,10,68.5,80,60,33750.0,60700.0,349.5283703,79.85185185185186
409810,미국나스닥100선물인버스,KOSPI,10,67.5,80,60,6490.0,6565.0,24.46727956,1.1556240369799742
472870,미국30년국채엔화노출,KOSPI,10,67.5,80,60,8090.0,8095.0,105.109497337,0.06180469715697523
138520,삼성그룹,KOSPI,10,67.0,85,60,21980.0,26615.0,41.47980398,21.087352138307548
495050,코리아밸류업,KOSPI,10,67.0,70,60,23186.0,26179.0,1030.108913072,12.908651772621415
383800,홀딩스,KOSPI,10,66.5,75,60,8470.0,9840.0,31.984481000000006,16.174734356552545
459580,금리액티브,KOSPI,10,66.5,75,65,1071433.0,1072735.0,4639.244163687001,0.1215194977194134
484790,미국30년국채액티브,KOSPI,10,65.5,90,60,8800.0,9080.0,121.61279105999999,3.1818181818181746
488770,머니마켓액티브,KOSPI,10,65.5,75,60,103450.0,103695.0,854.150372135,0.23682938617690663
003460,유화증권,KOSPI,10,65.0,65,65,3495.0,4170.0,168.48058374000001,19.313304721030033
108670,하우시스,KOSPI,10,65.0,80,60,29450.0,32000.0,15.207566700000001,8.658743633276744
005960,동부건설,KOSPI,10,64.5,65,60,5940.0,9410.0,41.34778593,58.417508417508415
294870,현대산업개발,KOSPI,10,64.5,80,60,21300.0,23150.0,111.0038024,8.685446009389675
495060,코리아밸류업액티브,KOSPI,10,64.5,80,60,19840.0,23860.0,67.33663917999999,20.26209677419355
122090,코스피50,KOSPI,10,64.0,80,60,54320.0,68770.0,54.518120015,26.601620029455077
498400,타겟위클리커버드콜,KOSPI,10,62.0,75,60,15353.0,17135.0,1645.3162328580001,11.60685208102652
009290,광동제약,KOSPI,9,76.11111111111111,85,65,6150.0,11080.0,547.0846967444445,80.16260162601625
488500,미국S,KOSPI,9,73.88888888888889,85,65,12160.0,12390.0,40.79573775,1.891447368421062
466950,글로벌AI액티브,KOSPI,9,73.33333333333333,100,65,24490.0,25505.0,42.79655881111111,4.144548795426695
034020,두산에너빌리티,KOSPI,9,72.22222222222223,80,60,91200.0,106300.0,12718.236258666666,16.557017543859654
494890,액티브,KOSPI,9,71.66666666666667,85,60,21070.0,25155.0,450.62048658888887,19.387755102040828
003850,보령,KOSPI,9,70.55555555555556,80,60,9430.0,10350.0,56.30555913333333,9.756097560975618
480040,미국반도체데일리타겟커버드콜,KOSPI,9,70.55555555555556,80,60,13351.0,13864.0,20.506408053333335,3.8424088083289565
069620,대웅제약,KOSPI,9,70.0,80,60,168200.0,181000.0,90.51687366666667,7.609988109393573
479080,머니마켓액티브,KOSPI,9,70.0,75,65,52775.0,52890.0,66.25545084444444,0.21790620558976848
490490,미국배당미국채혼합50,KOSPI,9,70.0,80,60,10976.0,11245.0,56.408406873333334,2.4508017492711476
088980,맥쿼리인프라,KOSPI,9,69.44444444444444,80,60,11330.0,11700.0,374.3207741,3.2656663724624835
058730,다스코,KOSPI,9,68.88888888888889,80,65,3420.0,3790.0,154.8720503222222,10.818713450292394
463250,방산,KOSPI,9,68.33333333333333,75,60,44050.0,42840.0,629.2379843555556,-2.746878547105558
111770,영원무역,KOSPI,9,67.77777777777777,80,60,89000.0,96900.0,125.07031244444445,8.87640449438203
060980,홀딩스,KOSPI,9,67.22222222222223,70,60,45900.0,51600.0,20.40443788888889,12.418300653594772
449170,금리액티브,KOSPI,9,67.22222222222223,75,65,110105.0,110265.0,127.4942536888889,0.14531583488488486
007860,서연,KOSPI,9,66.66666666666667,70,60,10740.0,11400.0,24.465786611111113,6.145251396648055
456600,글로벌AI인공지능액티브,KOSPI,9,66.11111111111111,80,60,39900.0,42600.0,224.76003324444446,6.766917293233088
010690,화신,KOSPI,9,65.55555555555556,80,60,9320.0,15530.0,237.60366557777778,66.63090128755364
450080,에코프로머티,KOSPI,9,65.55555555555556,80,60,71100.0,71900.0,1118.418198777778,1.1251758087201136
000540,흥국화재,KOSPI,9,65.0,65,65,4005.0,6590.0,179.8167472111111,64.54431960049938
005935,삼성전자우,KOSPI,9,65.0,70,60,120500.0,135100.0,7090.401873,12.11618257261411
277640,코스피대형주,KOSPI,9,65.0,75,60,26210.0,33555.0,29.280181344444447,28.023655093475774
284980,금융,KOSPI,9,65.0,65,65,21215.0,24700.0,23.50162708888889,16.427056328069757
496080,코리아밸류업,KOSPI,9,65.0,70,60,21679.0,25675.0,407.43030247,18.43258452880667
088350,한화생명,KOSPI,9,64.44444444444444,65,60,3635.0,5970.0,2570.8008502666667,64.2365887207703
001740,네트웍스,KOSPI,9,63.888888888888886,80,60,5050.0,5910.0,172.71032543333334,17.029702970297024
000810,삼성화재,KOSPI,9,63.333333333333336,65,60,516000.0,548000.0,1031.6627366666667,6.20155038759691
102780,삼성그룹,KOSPI,9,62.22222222222222,75,60,16070.0,19365.0,205.30209657222224,20.50404480398258
307520,지주회사,KOSPI,9,61.111111111111114,70,60,18910.0,21705.0,235.47143658333334,14.780539397144366
491010,글로벌AI전력인프라액티브,KOSPI,9,60.55555555555556,65,60,22210.0,23980.0,89.15699336111112,7.969383160738408
114470,국고채3년,KOSPI,8,80.625,85,80,108590.0,109243.0,25.530234755000002,0.6013445068606682
003535,한화투자증권우,KOSPI,8,75.0,80,65,9580.0,9780.0,92.99813945,2.087682672233826
000680,네트웍스,KOSPI,8,73.75,80,60,3530.0,3680.0,15.16239311875,4.249291784702547
001270,부국증권,KOSPI,8,72.5,80,65,77900.0,103300.0,355.673184375,32.60590500641849
003530,한화투자증권,KOSPI,8,72.5,80,65,6820.0,8530.0,4194.7598470249995,25.073313782991203
009240,한샘,KOSPI,8,71.875,80,60,46300.0,50400.0,85.56520562499999,8.855291576673864
003090,대웅,KOSPI,8,71.25,80,60,23700.0,29350.0,72.946342375,23.839662447257393
190620,단기통안채,KOSPI,8,71.25,85,65,100560.0,100760.0,26.9916022275,0.19888623707240427
469160,일본반도체,KOSPI,8,71.25,80,65,21050.0,22250.0,21.5487422375,5.700712589073631
000320,노루홀딩스,KOSPI,8,70.625,80,60,21950.0,28600.0,30.903907562500002,30.296127562642372
101280,일본TOPIX100,KOSPI,8,70.625,85,60,28160.0,29615.0,24.1954761875,5.166903409090917
307950,현대오토에버,KOSPI,8,70.625,80,60,431000.0,501000.0,1947.5303800000002,16.241299303944313
241180,일본니케이225,KOSPI,8,70.0,80,65,30680.0,31900.0,66.40637633749999,3.976531942633632
471040,글로벌AI,KOSPI,8,70.0,70,70,23985.0,24940.0,41.07526684375,3.9816552011674
471780,코리아테크액티브,KOSPI,8,70.0,80,60,20920.0,24770.0,51.28260346875,18.403441682600373
017960,한국카본,KOSPI,8,69.375,80,60,35050.0,40900.0,253.5194950625,16.69044222539229
481060,미국30년국채타겟커버드콜,KOSPI,8,69.375,80,60,8106.0,8248.0,90.00558436624999,1.751788798420928
062040,산일전기,KOSPI,8,68.125,80,60,148200.0,166300.0,942.684522125,12.213225371120107
487230,미국AI전력핵심인프라,KOSPI,8,68.125,80,60,18390.0,20385.0,686.6971591375,10.848287112561184
066575,전자우,KOSPI,8,67.5,80,60,50300.0,67900.0,260.245792375,34.990059642147116
008930,한미사이언스,KOSPI,8,65.625,80,60,42600.0,47000.0,500.33212374999994,10.328638497652577
484880,금융지주플러스고배당,KOSPI,8,65.625,70,65,18625.0,23640.0,577.19067889625,26.926174496644293
005090,에너지,KOSPI,8,65.0,65,65,28350.0,46050.0,140.5395041875,62.433862433862444
005440,현대지에프홀딩스,KOSPI,8,65.0,65,65,12100.0,18240.0,819.0595247875,50.743801652892564
057050,현대홈쇼핑,KOSPI,8,65.0,65,65,67000.0,92900.0,106.340288375,38.656716417910445
130660,한전산업,KOSPI,8,65.0,65,65,16100.0,25550.0,3411.1902273875003,58.69565217391304
139270,금융,KOSPI,8,65.0,65,65,16895.0,18490.0,83.121919675,9.44066291802308
157500,증권,KOSPI,8,65.0,65,65,15895.0,21025.0,1234.97568614375,32.27430009436929
455890,머니마켓액티브,KOSPI,8,65.0,65,65,54495.0,54590.0,175.7596801125,0.17432791999265618
003470,유안타증권,KOSPI,8,64.375,65,60,4510.0,5390.0,271.8467751,19.512195121951216
084680,이월드,KOSPI,8,64.375,80,60,1655.0,1674.0,13.3803042975,1.148036253776441
466940,은행고배당플러스TOP10,KOSPI,8,64.375,65,60,22487.0,28574.0,825.0651913125,27.068973184506607
175330,금융지주,KOSPI,8,63.75,65,60,25300.0,34650.0,503.16240812499996,36.956521739130444
441800,플러스배당액티브,KOSPI,8,63.75,65,60,23436.0,29029.0,313.74798362125,23.864994026284347
016360,삼성증권,KOSPI,8,62.5,65,60,93000.0,101000.0,975.4726558750001,8.602150537634401
023590,다우기술,KOSPI,8,61.875,70,60,51300.0,54300.0,98.231550875,5.84795321637428
267770,선물레버리지,KOSPI,8,61.875,65,60,51385.0,84435.0,977.57385373125,64.31838085044275
252400,선물레버리지,KOSPI,8,61.25,65,60,61520.0,85825.0,51.8769814375,39.507477243172964
442580,글로벌HBM반도체,KOSPI,8,61.25,65,60,59685.0,67500.0,319.65556183125,13.093742146267907
495230,코리아밸류업액티브,KOSPI,8,61.25,70,60,24554.0,26012.0,100.57487841625,5.937932719719807
453010,금리,KOSPI,7,82.85714285714286,85,70,108325.0,108460.0,23.5170641,0.12462497115162119
390390,미국반도체,KOSPI,7,79.28571428571429,100,70,40005.0,41420.0,657.7132117714285,3.5370578677665243
078000,텔코웨어,KOSPI,7,76.42857142857143,85,65,15960.0,23000.0,106.03621645714286,44.11027568922306
486450,미국AI전력인프라,KOSPI,7,76.42857142857143,90,70,20750.0,21270.0,60.126323264285716,2.5060240963855396
433980,액티브,KOSPI,7,75.71428571428571,90,70,15430.0,15415.0,17.695044142857142,-0.09721322099806029
004310,현대약품,KOSPI,7,75.0,80,65,13090.0,14340.0,2305.4582297999996,9.549274255156615
051600,한전KPS,KOSPI,7,74.28571428571429,80,60,58000.0,62800.0,316.71405142857145,8.275862068965512
001515,증권우,KOSPI,7,73.57142857142857,80,65,3470.0,4100.0,24.6329945,18.155619596541793
415640,발해인프라,KOSPI,7,73.57142857142857,90,60,10070.0,10020.0,18.285377457142857,-0.49652432969214955
047810,한국항공우주,KOSPI,7,72.85714285714286,80,60,171200.0,191500.0,3471.7352918571423,11.857476635514018
434060,액티브,KOSPI,7,72.85714285714286,80,70,16580.0,16555.0,49.96272677142857,-0.15078407720144904
464310,글로벌AI,KOSPI,7,72.85714285714286,80,70,15665.0,15965.0,16.593969171428572,1.9150973507819913
033920,무학,KOSPI,7,72.14285714285714,85,65,9400.0,9740.0,16.123351857142858,3.6170212765957555
004710,한솔테크닉스,KOSPI,7,71.42857142857143,80,60,6280.0,6390.0,104.61879485714284,1.7515923566878921
132030,골드선물,KOSPI,7,71.42857142857143,75,70,27880.0,29690.0,139.72119002142855,6.492109038737448
441640,미국배당커버드콜액티브,KOSPI,7,71.42857142857143,80,65,12786.0,12899.0,222.03640800571426,0.8837791334271872
489790,한화비전,KOSPI,7,71.42857142857143,80,60,63900.0,85400.0,3007.568809142857,33.64632237871674
364990,게임TOP10,KOSPI,7,70.71428571428571,80,65,5435.0,5750.0,44.21461635714286,5.79576816927323
241560,두산밥캣,KOSPI,7,70.0,85,60,64900.0,65000.0,914.7728075714286,0.15408320493066618
003000,부광약품,KOSPI,7,68.57142857142857,80,65,4000.0,5870.0,267.89342325714284,46.75
000390,삼화페인트,KOSPI,7,67.85714285714286,80,65,7070.0,9890.0,751.0459838857142,39.886845827439885
001750,한양증권,KOSPI,7,67.85714285714286,80,65,20700.0,27400.0,40.45587335714286,32.36714975845412
004090,한국석유,KOSPI,7,67.85714285714286,75,60,14400.0,19030.0,659.939949142857,32.152777777777786
089470,현대EP,KOSPI,7,67.85714285714286,70,65,5140.0,6090.0,47.41478371428572,18.482490272373543
091220,은행,KOSPI,7,67.85714285714286,85,65,13950.0,18130.0,39.65148807857143,29.964157706093197
266360,콘텐츠,KOSPI,7,67.85714285714286,70,65,13710.0,14060.0,19.889858407142857,2.5528811086797942
394670,글로벌리튬,KOSPI,7,67.85714285714286,80,60,11505.0,12060.0,22.832242407142854,4.823989569752274
012610,경인양행,KOSPI,7,67.14285714285714,70,60,5050.0,4840.0,64.87897527857143,-4.158415841584162
053690,한미글로벌,KOSPI,7,67.14285714285714,80,60,19820.0,21250.0,58.03004265714286,7.21493440968719
237350,코스피100,KOSPI,7,67.14285714285714,80,60,57735.0,74820.0,782.9709244857142,29.592101844634968
243880,레버리지,KOSPI,7,67.14285714285714,80,60,162725.0,255620.0,155.54541520714287,57.08711015516976
011390,부산산업,KOSPI,7,66.42857142857143,70,60,82500.0,82000.0,25.918311428571428,-0.60606060606061
003280,흥아해운,KOSPI,7,65.71428571428571,80,60,1685.0,1934.0,394.18413130857147,14.777448071216615
143860,헬스케어,KOSPI,7,65.71428571428571,70,60,51735.0,55520.0,96.4134288857143,7.31613027930802
161390,한국타이어앤테크놀로지,KOSPI,7,65.71428571428571,75,60,63400.0,72900.0,393.02863571428577,14.984227129337535
192080,더블유게임즈,KOSPI,7,65.71428571428571,75,60,52700.0,55900.0,50.89349357142857,6.072106261859589
367760,네트워크인프라,KOSPI,7,65.71428571428571,80,60,30365.0,35835.0,334.58300266428574,18.014161040671816
001200,유진투자증권,KOSPI,7,65.0,65,65,4780.0,5510.0,849.2962248285714,15.271966527196646
001450,현대해상,KOSPI,7,65.0,65,65,32950.0,37900.0,670.0610644999999,15.022761760242798
001500,현대차증권,KOSPI,7,65.0,65,65,8900.0,13630.0,404.4439841428571,53.146067415730336
003540,대신증권,KOSPI,7,65.0,65,65,35500.0,49000.0,715.4425798571428,38.0281690140845
004990,롯데지주,KOSPI,7,65.0,70,60,32350.0,38600.0,378.55430307142854,19.319938176197837
030210,다올투자증권,KOSPI,7,65.0,65,65,4440.0,4880.0,76.12915984285713,9.90990990990992
475630,년금리액티브,KOSPI,7,65.0,75,60,1057940.0,1060200.0,385.5091901,0.2136227007202729
498860,코리아금융고배당,KOSPI,7,65.0,65,65,20748.0,23441.0,93.48584041857144,12.979564295353763
007310,오뚜기,KOSPI,7,64.28571428571429,70,60,390000.0,397500.0,36.62477785714286,1.9230769230769162
030610,교보증권,KOSPI,7,64.28571428571429,65,60,12120.0,16720.0,118.93349402857143,37.95379537953796
082640,동양생명,KOSPI,7,64.28571428571429,75,60,7200.0,7680.0,268.51008444285713,6.666666666666665
003160,디아이,KOSPI,7,62.857142857142854,80,60,37200.0,35950.0,504.45230028571433,-3.360215053763438
006805,미래에셋증권우,KOSPI,7,61.42857142857143,65,60,19450.0,27800.0,432.0302319285715,42.930591259640096
005250,녹십자홀딩스,KOSPI,7,60.714285714285715,65,60,15810.0,15950.0,18.71904054285714,0.8855154965211831
289480,커버드콜,KOSPI,6,85.0,85,85,9877.0,9897.0,11.358753438333332,0.2024906348081501
157450,단기통안채,KOSPI,6,83.33333333333333,85,75,111025.0,111205.0,154.90012869166665,0.16212564737672075
461580,코스닥글로벌,KOSPI,6,80.83333333333333,85,65,18125.0,19990.0,107.79876103333334,10.289655172413802
469060,미국반도체NYSE,KOSPI,6,80.0,85,60,24675.0,24895.0,61.46862054166667,0.8915906788247163
203780,미국나스닥바이오,KOSPI,6,79.16666666666667,90,70,31080.0,31270.0,22.344848991666666,0.6113256113256194
004440,삼일씨엔에스,KOSPI,6,78.33333333333333,85,65,6150.0,6070.0,10.582033566666667,-1.3008130081300862
011700,한신기계,KOSPI,6,77.5,80,65,4590.0,5470.0,968.5252860833334,19.17211328976034
170900,동아에스티,KOSPI,6,76.66666666666667,100,60,51120.0,52169.0,23.051073464999998,2.052034428795002
003120,일성아이에스,KOSPI,6,75.0,80,65,24200.0,28300.0,12.65842325,16.94214876033058
002720,국제약품,KOSPI,6,74.16666666666667,100,65,4585.0,4775.0,70.42050216666667,4.143947655398028
003010,혜인,KOSPI,6,74.16666666666667,80,65,5410.0,5610.0,18.2128639,3.6968576709796697
497570,미국필라델피아AI반도체나스닥,KOSPI,6,74.16666666666667,90,65,16995.0,17330.0,254.90769924166668,1.9711679905854762
000490,대동,KOSPI,6,73.33333333333333,80,65,10560.0,11800.0,556.2121759,11.742424242424242
267270,건설기계,KOSPI,6,73.33333333333333,80,60,135900.0,145000.0,1871.1877845,6.696100073583522
438900,푸드,KOSPI,6,72.5,80,65,11980.0,12580.0,17.776493849999998,5.008347245409017
030190,평가정보,KOSPI,6,70.83333333333333,85,60,17400.0,17010.0,28.591745649999996,-2.2413793103448265
298040,효성중공업,KOSPI,6,70.83333333333333,85,60,2281000.0,2633000.0,1600.0072016666666,15.431828145550197
359210,코스피TR,KOSPI,6,70.83333333333333,85,60,25455.0,32345.0,36.9269745,27.067373796896476
449180,미국S,KOSPI,6,70.83333333333333,80,65,15800.0,15655.0,53.60652388333333,-0.9177215189873467
483340,구글밸류체인액티브,KOSPI,6,70.83333333333333,75,70,17145.0,17465.0,100.06307671666667,1.8664333624963447
009900,명신산업,KOSPI,6,70.0,80,65,9350.0,11420.0,232.7758344166667,22.139037433155085
105840,우진,KOSPI,6,70.0,80,60,25800.0,27650.0,757.9238081666667,7.170542635658905
453950,파운드리밸류체인,KOSPI,6,70.0,80,60,27380.0,29010.0,18.619726816666667,5.953250547845146
463050,바이오액티브,KOSPI,6,70.0,70,70,19550.0,21175.0,288.31083935,8.31202046035806
002350,넥센타이어,KOSPI,6,68.33333333333333,80,60,8040.0,9730.0,55.99997808333333,21.019900497512435
025540,한국단자,KOSPI,6,68.33333333333333,70,60,75200.0,83100.0,39.00461633333333,10.505319148936177
210540,디와이파워,KOSPI,6,68.33333333333333,80,60,14190.0,15870.0,26.827434283333332,11.839323467230445
464470,미국채30년액티브,KOSPI,6,68.33333333333333,90,60,53909.0,54570.0,12.643906903333333,1.2261403476228505
000120,대한통운,KOSPI,6,67.5,80,60,103400.0,145700.0,417.1676233333333,40.90909090909092
011930,신성이엔지,KOSPI,6,67.5,80,65,1959.0,2450.0,969.7829281,25.063808065339455
068270,셀트리온,KOSPI,6,67.5,80,60,214500.0,238500.0,2827.4995741666667,11.188811188811187
461490,글로벌자산배분액티브,KOSPI,6,67.5,70,65,15035.0,15015.0,62.087379999999996,-0.13302294645826107
011210,현대위아,KOSPI,6,66.66666666666667,70,60,86100.0,101300.0,477.5846268333333,17.653890824622543
395290,미디어,KOSPI,6,66.66666666666667,80,60,9205.0,9345.0,26.687476625,1.520912547528508
001510,증권,KOSPI,6,65.0,65,65,1215.0,2150.0,4684.131231378334,76.95473251028805
001800,오리온홀딩스,KOSPI,6,65.0,70,60,20700.0,24250.0,61.47169325000001,17.14975845410629
003070,코오롱글로벌,KOSPI,6,65.0,65,65,9760.0,10950.0,12.471627100000001,12.192622950819665
003545,대신증권우,KOSPI,6,65.0,65,65,22200.0,27150.0,116.66444466666667,22.297297297297302
003547,대신증권2우B,KOSPI,6,65.0,65,65,21200.0,28900.0,36.60486616666667,36.32075471698113
005940,투자증권,KOSPI,6,65.0,65,65,30900.0,39200.0,1045.9848070833334,26.860841423948223
011170,롯데케미칼,KOSPI,6,65.0,80,60,85400.0,95900.0,387.59225299999997,12.295081967213118
016610,증권,KOSPI,6,65.0,65,65,15360.0,17550.0,117.98686403333333,14.2578125
025000,케미칼,KOSPI,6,65.0,65,65,50700.0,54200.0,13.503184666666668,6.903353057199202
102970,증권,KOSPI,6,65.0,65,65,23050.0,30065.0,3296.7450769333336,30.43383947939262
112610,씨에스윈드,KOSPI,6,65.0,70,60,41850.0,52700.0,517.2634859166666,25.92592592592593
153270,코스피100,KOSPI,6,65.0,75,60,55505.0,72255.0,18.041292791666667,30.17746148995586
442320,글로벌원자력,KOSPI,6,65.0,70,60,42980.0,45215.0,122.940702875,5.200093066542588
480370,씨케이솔루션,KOSPI,6,65.0,65,65,4009.0,3911.0,98.05326928,-2.4444998752806146
005690,파미셀,KOSPI,6,64.16666666666667,80,60,16350.0,18850.0,855.1488854166668,15.290519877675845
105560,금융,KOSPI,6,64.16666666666667,75,60,133700.0,159000.0,3250.4613489999997,18.922961854899036
434730,원자력iSelect,KOSPI,6,63.333333333333336,70,60,62745.0,70045.0,824.1626677416666,11.634393178739334
007340,오토모티브,KOSPI,6,62.5,70,60,25450.0,32000.0,82.55020025,25.736738703339878
108320,세미콘,KOSPI,6,61.666666666666664,65,60,55400.0,60800.0,104.532383,9.747292418772568
476750,미국30년국채엔화노출액티브,KOSPI,6,61.666666666666664,70,60,8615.0,8839.0,34.703625968333334,2.60011607661057
005930,삼성전자,KOSPI,6,60.833333333333336,65,60,150400.0,181200.0,63876.70103966667,20.478723404255316
305540,차전지테마,KOSPI,6,60.833333333333336,65,60,20245.0,23490.0,828.1497108666666,16.028649049147937
003570,다이내믹스,KOSPI,6,60.0,60,60,55000.0,57600.0,155.561124,4.7272727272727355
100840,에너지,KOSPI,6,60.0,60,60,46550.0,49300.0,199.44573666666665,5.907626208378081
295020,국채선물10년인버스,KOSPI,5,97.0,100,85,57895.0,57560.0,100.41437735,-0.5786337334830249
460960,글로벌인컴TOP10,KOSPI,5,84.0,85,80,11813.0,11754.0,16.77028191,-0.4994497587403668
097955,제일제당,KOSPI,5,83.0,100,65,140100.0,142000.0,15.5962546,1.3561741613133504
245340,미국다우존스30,KOSPI,5,83.0,100,60,35313.0,35273.0,26.466786293999995,-0.11327273242148772
000430,대원강업,KOSPI,5,82.0,90,75,4260.0,4420.0,14.611630170000002,3.7558685446009488
014710,사조씨푸드,KOSPI,5,82.0,100,60,9090.0,9430.0,21.1500853,3.7403740374037486
463290,단기금융채액티브,KOSPI,5,81.0,85,65,107590.0,107715.0,88.75669852,0.11618180128265543
360140,롱코스닥150숏선물,KOSPI,5,79.0,80,75,13495.0,12935.0,18.97716208,-4.149685068543906
001130,대한제분,KOSPI,5,77.0,80,65,152400.0,160600.0,12.4960216,5.38057742782152
011690,와이투솔루션,KOSPI,5,77.0,80,65,7260.0,8200.0,806.79499592,12.947658402203865
396520,차이나반도체FACTSET,KOSPI,5,77.0,85,70,11355.0,11290.0,69.82113512,-0.5724350506384868
495040,코리아밸류업,KOSPI,5,77.0,80,65,23031.0,25404.0,21.496020424,10.303503972906093
448290,미국S,KOSPI,5,76.0,90,70,16395.0,16300.0,33.53063949,-0.5794449527294909
003490,대한항공,KOSPI,5,72.0,80,65,23750.0,28950.0,1707.5730983,21.894736842105257
071050,한국금융지주,KOSPI,5,72.0,80,70,246500.0,257500.0,1449.6471450000001,4.462474645030423
105630,한세실업,KOSPI,5,72.0,100,60,14320.0,14330.0,54.50219828,0.06983240223463749
001440,대한전선,KOSPI,5,71.0,80,60,30800.0,36000.0,4385.609808300001,16.883116883116877
004490,세방전지,KOSPI,5,71.0,80,60,63700.0,68900.0,80.25780139999999,8.163265306122458
007070,리테일,KOSPI,5,71.0,80,60,23300.0,23500.0,88.1291304,0.8583690987124415
487130,인프라액티브,KOSPI,5,71.0,80,65,21820.0,23500.0,58.8737429,7.699358386801092
000815,삼성화재우,KOSPI,5,70.0,80,60,374500.0,399000.0,82.642525,6.542056074766345
006650,대한유화,KOSPI,5,70.0,80,60,153800.0,190700.0,152.141418,23.992197659297787
139230,중공업,KOSPI,5,70.0,80,60,15520.0,17240.0,374.10614114,11.082474226804129
000240,한국앤컴퍼니,KOSPI,5,69.0,80,60,26600.0,34650.0,62.531638199999996,30.263157894736835
009155,삼성전기우,KOSPI,5,69.0,80,65,129900.0,175500.0,100.3487244,35.10392609699768
010780,아이에스동서,KOSPI,5,69.0,80,65,23800.0,29550.0,84.5726667,24.15966386554622
103590,일진전기,KOSPI,5,69.0,80,60,65200.0,84600.0,1175.3961228,29.75460122699387
284430,미국채혼합,KOSPI,5,69.0,80,65,18336.0,18985.0,343.425049662,3.5394851657940762
371460,차이나전기차SOLACTIVE,KOSPI,5,69.0,75,65,12580.0,12600.0,156.6137928,0.15898251192367763
002310,아세아제지,KOSPI,5,68.0,80,65,7940.0,11240.0,141.0105992,41.561712846347596
004560,현대비앤지스틸,KOSPI,5,68.0,80,65,17520.0,22250.0,1027.29376156,26.997716894977163
009835,한화솔루션우,KOSPI,5,68.0,80,65,27650.0,33100.0,277.1536181,19.710669077757693
010820,퍼스텍,KOSPI,5,68.0,80,60,4615.0,7270.0,711.60771095,57.52979414951247
073240,금호타이어,KOSPI,5,68.0,80,60,6100.0,7360.0,155.31045482,20.655737704918042
079550,넥스원,KOSPI,5,68.0,75,60,486500.0,509000.0,1197.877779,4.624871531346342
319640,골드선물,KOSPI,5,68.0,70,65,29385.0,30510.0,23.54254256,3.8284839203675425
322000,현대에너지솔루션,KOSPI,5,68.0,80,65,70500.0,104000.0,3477.3471189999996,47.51773049645389
365000,인터넷TOP10,KOSPI,5,68.0,80,60,4920.0,5380.0,59.84119579000001,9.349593495934961
457990,태양광,KOSPI,5,68.0,80,65,27580.0,29415.0,267.43212291,6.653372008701952
478150,글로벌우주테크,KOSPI,5,68.0,70,65,22720.0,22435.0,73.86793314,-1.2544014084507005
005300,롯데칠성,KOSPI,5,67.0,75,60,134600.0,141000.0,82.89027899999999,4.754829123328386
069960,현대백화점,KOSPI,5,67.0,80,60,92700.0,107100.0,234.7210278,15.533980582524265
117680,철강,KOSPI,5,67.0,80,60,16010.0,17370.0,50.02059623,8.494690818238592
244580,바이오,KOSPI,5,67.0,70,60,12975.0,14135.0,336.77000152,8.940269749518315
426030,미국나스닥100액티브,KOSPI,5,67.0,70,60,38410.0,38335.0,200.24103356,-0.1952616506118221
444200,코리아메가테크액티브,KOSPI,5,67.0,80,60,38530.0,43435.0,904.81474116,12.730339994809237
001250,글로벌,KOSPI,5,66.0,80,60,2355.0,2640.0,41.219109679999995,12.101910828025474
079900,전진건설로봇,KOSPI,5,66.0,70,65,50400.0,61200.0,879.6917483999999,21.42857142857142
304770,코스닥150,KOSPI,5,66.0,85,60,19240.0,21060.0,56.81822950000001,9.459459459459453
475310,반도체후공정,KOSPI,5,66.0,70,60,23005.0,30100.0,177.30794155,30.841121495327094
481050,년금리플러스액티브,KOSPI,5,66.0,75,60,1019613.0,1021005.0,479.97267964800005,0.13652238643484527
000180,성창기업지주,KOSPI,5,65.0,65,65,1699.0,1807.0,24.46749946,6.356680400235426
000880,한화,KOSPI,5,65.0,70,60,126800.0,139200.0,1005.5863432,9.779179810725559
001720,신영증권,KOSPI,5,65.0,65,65,227500.0,255000.0,431.4162,12.08791208791209
002320,한진,KOSPI,5,65.0,70,60,19840.0,21650.0,46.46004028,9.122983870967749
003475,유안타증권우,KOSPI,5,65.0,65,65,4730.0,5220.0,12.01966168,10.359408033826645
005070,코스모신소재,KOSPI,5,65.0,70,60,50000.0,59900.0,328.074995,19.799999999999997
005945,투자증권우,KOSPI,5,65.0,65,65,26400.0,29000.0,60.3553132,9.84848484848484
006800,미래에셋증권,KOSPI,5,65.0,65,65,49950.0,61600.0,12941.6098522,23.32332332332332
008770,호텔신라,KOSPI,5,65.0,70,60,46050.0,52900.0,473.8709721,14.875135722041266
089590,제주항공,KOSPI,5,65.0,80,60,6090.0,6210.0,54.56906299999999,1.9704433497536922
092230,홀딩스,KOSPI,5,65.0,65,65,80900.0,84200.0,10.6927172,4.0791100123609425
114260,국고채3년,KOSPI,5,65.0,85,60,61730.0,61995.0,44.92231527,0.42928883849020494
138930,금융지주,KOSPI,5,65.0,65,65,21450.0,22050.0,566.5355145000001,2.7972027972027913
139480,이마트,KOSPI,5,65.0,65,65,103600.0,127600.0,1756.452218,23.166023166023166
000400,롯데손해보험,KOSPI,5,64.0,65,60,1775.0,2630.0,537.864865318,48.16901408450705
005870,휴니드,KOSPI,5,64.0,70,60,8170.0,9080.0,56.73837209999999,11.138310893512848
009420,한올바이오파마,KOSPI,5,64.0,70,60,51700.0,62000.0,384.9132424,19.92263056092842
012750,에스원,KOSPI,5,64.0,70,60,80400.0,87800.0,61.79619,9.203980099502495
018880,한온시스템,KOSPI,5,64.0,65,60,3725.0,5270.0,3999.33665923,41.476510067114106
047040,대우건설,KOSPI,5,64.0,65,60,5770.0,10050.0,3634.7637817199998,74.17677642980935
064960,모티브,KOSPI,5,64.0,70,60,36700.0,37250.0,52.9242526,1.4986376021798309
084010,대한제강,KOSPI,5,64.0,65,60,10820.0,12880.0,37.9040131,19.038817005545283
214320,이노션,KOSPI,5,64.0,70,60,18810.0,19950.0,94.65151944,6.060606060606055
306530,코스닥150선물레버리지,KOSPI,5,64.0,70,60,17535.0,20600.0,25.760954809999998,17.479327060165375
036460,한국가스공사,KOSPI,5,63.0,70,60,40450.0,45600.0,268.238176,12.731767614338697
139250,에너지화학,KOSPI,5,63.0,70,60,16230.0,18000.0,21.11982269,10.905730129390022
305720,차전지산업,KOSPI,5,63.0,75,60,16520.0,19430.0,2022.5424663899998,17.61501210653753
483320,엔비디아밸류체인액티브,KOSPI,5,63.0,70,60,16780.0,18320.0,104.49681768,9.17759237187128
267260,현대일렉트릭,KOSPI,5,62.0,70,60,933000.0,1067000.0,2168.949258,14.36227224008575
487570,효성,KOSPI,5,62.0,70,60,64000.0,67800.0,29.262966,5.937499999999996
352820,하이브,KOSPI,5,61.0,65,60,390000.0,387500.0,2336.17608,-0.6410256410256387
028260,삼성물산,KOSPI,5,60.0,60,60,312500.0,360000.0,1919.0906309999998,15.199999999999992
036530,홀딩스,KOSPI,5,60.0,60,60,57700.0,64800.0,33.5847858,12.305025996533804
117460,에너지화학,KOSPI,5,60.0,60,60,15130.0,16935.0,22.10969379,11.929940515532046
453850,미국30년국채액티브,KOSPI,5,60.0,60,60,7730.0,7755.0,282.63405131,0.3234152652005218
487240,전력핵심설비,KOSPI,5,60.0,60,60,28065.0,33725.0,1952.62636967,20.167468376982
475280,월만기자동연장회사채AA-이상액티브,KOSPI,4,85.0,85,85,10555.0,10555.0,32.3631077,0.0
002220,한일철강,KOSPI,4,83.75,100,70,4745.0,4975.0,22.600184087499997,4.847207586933622
433970,액티브,KOSPI,4,82.5,100,70,13700.0,13760.0,16.6643729,0.43795620437956373
014530,극동유화,KOSPI,4,81.25,100,65,3510.0,3705.0,25.65875575,5.555555555555558
004800,효성,KOSPI,4,80.0,80,80,161900.0,161900.0,238.86726,0.0
180640,한진칼,KOSPI,4,80.0,80,80,136100.0,136100.0,319.954768,0.0
460850,동국씨엠,KOSPI,4,80.0,80,80,5650.0,5650.0,11.630186,0.0
490600,미국배당100데일리고정커버드콜,KOSPI,4,80.0,100,70,8963.0,9329.0,30.9963595,4.0834542006024765
308620,미국10년국채선물,KOSPI,4,78.75,90,65,12500.0,12420.0,19.8603374,-0.6399999999999961
031430,신세계인터내셔날,KOSPI,4,77.5,85,65,11720.0,13290.0,46.707249375,13.395904436860073
067830,세이브존I,KOSPI,4,77.5,100,65,3040.0,3360.0,87.5453336875,10.526315789473696
117580,대성에너지,KOSPI,4,77.5,80,70,8160.0,8610.0,66.41373345000001,5.514705882352944
428510,차이나AI테크액티브,KOSPI,4,77.5,85,70,18495.0,20775.0,20.8101150375,12.327656123276554
026890,스틱인베스트먼트,KOSPI,4,75.0,85,65,12430.0,11910.0,174.51523947500002,-4.183427192276746
245710,베트남VN30,KOSPI,4,75.0,80,70,31365.0,31605.0,25.751222187499998,0.765184122429452
010060,홀딩스,KOSPI,4,73.75,80,65,118000.0,151100.0,1108.061441,28.050847457627114
017040,광명전기,KOSPI,4,73.75,80,65,1454.0,1557.0,31.47790045,7.083906464924339
252650,동일가중,KOSPI,4,73.75,85,65,17870.0,20190.0,76.926670575,12.982652490207048
005180,빙그레,KOSPI,4,72.5,90,60,77700.0,80500.0,42.751957000000004,3.603603603603611
025860,남해화학,KOSPI,4,72.5,80,65,6880.0,7170.0,39.2347839,4.215116279069764
123690,한국화장품,KOSPI,4,72.5,90,60,10540.0,10580.0,60.6712374,0.379506641366234
365040,코리아그로스액티브,KOSPI,4,72.5,85,60,24980.0,32000.0,21.848823425,28.10248198558847
441540,조선해운,KOSPI,4,72.5,80,60,33050.0,34025.0,56.4158788875,2.950075642965211
477050,머니마켓액티브,KOSPI,4,72.5,85,60,52525.0,52640.0,98.9907033625,0.21894336030461314
278470,에이피알,KOSPI,4,71.25,85,60,264000.0,317000.0,4117.9970475,20.07575757575757
336260,두산퓨얼셀,KOSPI,4,71.25,80,65,36850.0,39800.0,556.773952125,8.00542740841248
446720,미국배당다우존스,KOSPI,4,71.25,90,60,12521.0,13085.0,115.4475744475,4.5044325533104335
494840,미국방산TOP10,KOSPI,4,71.25,80,65,14790.0,15105.0,33.8138646,2.129817444219073
002990,금호건설,KOSPI,4,70.0,80,65,4425.0,5130.0,26.3369224125,15.932203389830502
011500,한농화성,KOSPI,4,70.0,80,60,26100.0,26900.0,799.189750875,3.065134099616862
018670,가스,KOSPI,4,70.0,70,70,231000.0,231000.0,66.759,0.0
025560,미래산업,KOSPI,4,70.0,80,60,13840.0,14940.0,21.985839575,7.947976878612706
066570,전자,KOSPI,4,70.0,80,65,100300.0,132600.0,7852.1338912500005,32.20338983050848
077500,유니퀘스트,KOSPI,4,70.0,80,60,6710.0,6950.0,34.115199775,3.576751117734722
084670,동양고속,KOSPI,4,70.0,80,65,58300.0,59900.0,826.007086,2.7444253859348233
097230,중공업,KOSPI,4,70.0,80,60,25500.0,25300.0,845.8644965000001,-0.7843137254901933
138910,구리선물,KOSPI,4,70.0,70,70,9560.0,9415.0,30.3802168375,-1.516736401673635
148070,국고채10년,KOSPI,4,70.0,70,70,108290.0,108290.0,118.4140321,0.0
266420,헬스케어,KOSPI,4,70.0,70,70,23495.0,23850.0,21.8607066875,1.510959778676324
283580,차이나CSI300,KOSPI,4,70.0,70,70,15865.0,15900.0,44.504159900000005,0.2206114087614175
411060,금현물,KOSPI,4,70.0,75,65,33210.0,33290.0,2002.2012628,0.24089129780187069
411420,미국나스닥AI테크액티브,KOSPI,4,70.0,90,60,22290.0,22230.0,21.902247175,-0.2691790040376896
455030,미국달러SOFR금리액티브,KOSPI,4,70.0,85,65,12514.0,12514.0,26.687614175,0.0
460660,미국S,KOSPI,4,70.0,70,70,12229.0,12229.0,36.64236415,0.0
009410,태영건설,KOSPI,4,68.75,80,65,1675.0,2010.0,32.12860255,19.999999999999996
009830,한화솔루션,KOSPI,4,68.75,80,65,36450.0,47700.0,15723.5564075,30.864197530864203
136340,중기우량회사채,KOSPI,4,68.75,80,65,105400.0,105835.0,30.186096475,0.4127134724857706
139320,금은선물,KOSPI,4,68.75,70,65,22125.0,22565.0,45.6090841,1.988700564971757
249420,일동제약,KOSPI,4,68.75,80,60,38100.0,38800.0,247.51667475,1.8372703412073532
344820,글라스,KOSPI,4,68.75,80,60,27450.0,29500.0,23.322334875000003,7.468123861566478
377990,신재생에너지,KOSPI,4,68.75,80,60,22350.0,22700.0,70.477058275,1.5659955257270708
452260,한화갤러리아,KOSPI,4,68.75,80,65,2235.0,3300.0,1490.8179164625,47.65100671140941
458730,미국배당다우존스,KOSPI,4,68.75,90,60,13646.0,14245.0,378.415051045,4.38956470760663
496770,글로벌방산,KOSPI,4,68.75,80,60,20930.0,20710.0,16.643996612499997,-1.0511227902532227
000150,두산,KOSPI,4,67.5,70,60,885000.0,973000.0,1659.88501,9.943502824858763
002240,고려제강,KOSPI,4,67.5,70,65,21700.0,23500.0,14.37158625,8.294930875576046
004020,현대제철,KOSPI,4,67.5,80,60,34150.0,46500.0,2082.56369275,36.16398243045389
004960,한신공영,KOSPI,4,67.5,80,60,11050.0,12650.0,118.57682965000001,14.479638009049767
011760,현대코퍼레이션,KOSPI,4,67.5,80,60,22150.0,24600.0,36.826451125,11.0609480812641
012330,현대모비스,KOSPI,4,67.5,70,65,453000.0,517000.0,3758.55981375,14.128035320088305
114100,국고채3년,KOSPI,4,67.5,70,60,107460.0,107724.0,29.8833696,0.24567280848688533
157490,소프트웨어,KOSPI,4,67.5,70,60,9980.0,10460.0,72.222294525,4.809619238476959
226490,코스피,KOSPI,4,67.5,75,60,51005.0,60120.0,398.04421579999996,17.870796980688162
462900,바이오헬스케어액티브,KOSPI,4,67.5,70,60,23320.0,24600.0,418.7763380375,5.488850771869647
489250,미국배당다우존스,KOSPI,4,67.5,80,60,11717.0,12394.0,56.32782392,5.77792950413929
006405,삼성SDI우,KOSPI,4,66.25,70,65,194700.0,276500.0,79.4847965,42.013353877760665
012510,더존비즈온,KOSPI,4,66.25,70,60,91100.0,118800.0,1207.1632965000001,30.40614709110867
013520,화승코퍼레이션,KOSPI,4,66.25,70,65,2435.0,3475.0,92.0047311125,42.71047227926077
032640,유플러스,KOSPI,4,66.25,70,60,15680.0,17170.0,185.0304209,9.502551020408156
096770,이노베이션,KOSPI,4,66.25,80,60,116300.0,137700.0,1293.92747025,18.400687876182296
261070,코스닥150바이오테크,KOSPI,4,66.25,75,60,19995.0,21405.0,179.83983865,7.051762940735173
402340,스퀘어,KOSPI,4,66.25,80,60,505000.0,570000.0,5860.22567,12.871287128712861
491610,금리액티브,KOSPI,4,66.25,75,60,103185.0,103360.0,16.161433775,0.1695982943257235
491820,전력설비투자,KOSPI,4,66.25,70,60,35455.0,40600.0,107.5255626,14.511352418558744
000050,경방,KOSPI,4,65.0,65,65,9380.0,12060.0,521.00373655,28.57142857142858
001230,동국홀딩스,KOSPI,4,65.0,65,65,8300.0,9860.0,50.400484750000004,18.79518072289157
001290,상상인증권,KOSPI,4,65.0,65,65,1175.0,1500.0,418.4885291825,27.65957446808511
018260,삼성에스디에스,KOSPI,4,65.0,70,60,174700.0,195000.0,838.0808657499999,11.61991986262163
023530,롯데쇼핑,KOSPI,4,65.0,65,65,90000.0,115200.0,442.99321050000003,28.000000000000004
025820,이구산업,KOSPI,4,65.0,70,60,5850.0,5890.0,77.093868125,0.6837606837606813
029530,신도리코,KOSPI,4,65.0,65,65,53600.0,64500.0,116.02618275,20.335820895522396
049800,우진플라임,KOSPI,4,65.0,65,65,2480.0,3340.0,24.0370319,34.677419354838705
200880,서연이화,KOSPI,4,65.0,70,60,16250.0,16700.0,88.58738875,2.7692307692307683
248070,솔루엠,KOSPI,4,65.0,70,60,16250.0,18480.0,132.69623030000002,13.723076923076928
253250,선물레버리지,KOSPI,4,65.0,65,65,60580.0,99895.0,156.2581882625,64.8976559920766
326240,플러스,KOSPI,4,65.0,70,60,32205.0,33915.0,25.2973237875,5.3097345132743445
439260,대한조선,KOSPI,4,65.0,70,60,75300.0,99500.0,671.2899725,32.13811420982735
454320,설비투자iSelect,KOSPI,4,65.0,80,60,40555.0,43365.0,29.439905250000002,6.9288620392060185
466920,조선TOP3플러스,KOSPI,4,65.0,70,60,37950.0,39210.0,1460.4836166375,3.3201581027668015
497880,금리,KOSPI,4,65.0,65,65,49935.0,50015.0,75.122727,0.16020827075198252
004000,롯데정밀화학,KOSPI,4,63.75,65,60,46650.0,50000.0,48.151347875,7.181136120042875
004430,송원산업,KOSPI,4,63.75,65,60,9470.0,9630.0,12.854507325,1.6895459345301012
016590,신대양제지,KOSPI,4,63.75,70,60,12600.0,15590.0,40.088667075000004,23.730158730158735
034220,디스플레이,KOSPI,4,63.75,65,60,13310.0,14340.0,2622.34926915,7.738542449286245
034230,파라다이스,KOSPI,4,63.75,65,60,18550.0,19620.0,372.293513525,5.768194070080868
306950,레버리지,KOSPI,4,63.75,65,60,51240.0,66645.0,17.4039498125,30.064402810304447
329180,현대중공업,KOSPI,4,63.75,70,60,574000.0,603000.0,1961.266075,5.052264808362361
357870,금리투자KIS,KOSPI,4,63.75,65,60,57045.0,57125.0,204.72003708749997,0.14024016127618388
433500,원자력TOP10,KOSPI,4,63.75,70,60,56700.0,69785.0,249.637224525,23.077601410934733
494670,조선TOP10,KOSPI,4,63.75,70,60,29800.0,30920.0,637.4816121624999,3.7583892617449655
001680,대상,KOSPI,4,62.5,70,60,22350.0,23050.0,43.0618245,3.1319910514541416
003520,영진약품,KOSPI,4,62.5,65,60,1934.0,2010.0,100.874379695,3.9296794208893537
064400,씨엔에스,KOSPI,4,62.5,70,60,72100.0,74500.0,1421.11837825,3.328710124826628
233740,코스닥150레버리지,KOSPI,4,62.5,65,60,17460.0,20305.0,19227.616300025,16.29438717067584
266160,고배당,KOSPI,4,62.5,65,60,27180.0,30725.0,104.6858278375,13.042678440029443
272450,진에어,KOSPI,4,62.5,65,60,7010.0,7170.0,31.712034775000003,2.2824536376604865
336370,솔루스첨단소재,KOSPI,4,62.5,70,60,8980.0,9490.0,107.661240625,5.679287305122505
353200,대덕전자,KOSPI,4,62.5,70,60,60100.0,65300.0,1208.47464475,8.652246256239593
471760,반도체핵심공정,KOSPI,4,62.5,65,60,15565.0,19910.0,659.3948256625,27.915194346289752
000725,현대건설우,KOSPI,4,61.25,65,60,69300.0,74900.0,18.6343645,8.080808080808088
003670,포스코퓨처엠,KOSPI,4,61.25,65,60,217500.0,246000.0,1555.27382,13.103448275862073
229640,에코에너지,KOSPI,4,61.25,65,60,38800.0,46300.0,114.14759162499999,19.329896907216494
291630,코스닥150선물레버리지,KOSPI,4,61.25,65,60,8020.0,10250.0,18.1091128375,27.805486284289273
469170,포스코그룹포커스,KOSPI,4,61.25,65,60,6835.0,7935.0,157.8940475375,16.093635698610086
475720,위클리커버드콜,KOSPI,4,61.25,65,60,11599.0,13496.0,338.683575785,16.3548581774291
282000,국고채3년선물인버스,KOSPI,3,100.0,100,100,112885.0,113065.0,100.17106416666667,0.15945431191035642
002200,한국수출포장,KOSPI,3,83.33333333333333,85,80,3165.0,3215.0,13.954929533333335,1.579778830963674
058650,세아홀딩스,KOSPI,3,83.33333333333333,90,80,161500.0,164000.0,13.367173333333334,1.5479876160990669
461340,글로벌생성형AI액티브,KOSPI,3,83.33333333333333,100,70,30530.0,30370.0,25.4709355,-0.5240746806419949
012200,계양전기,KOSPI,3,80.0,80,80,9170.0,9160.0,1138.6132824333333,-0.10905125408942062
476450,머니마켓액티브,KOSPI,3,80.0,85,70,51840.0,51945.0,66.5064764,0.20254629629630205
011280,태림포장,KOSPI,3,75.0,80,65,2100.0,2180.0,14.410749533333332,3.809523809523818
079430,현대리바트,KOSPI,3,75.0,80,65,6900.0,7520.0,93.66699240000001,8.985507246376812
108450,삼성그룹섹터가중,KOSPI,3,75.0,85,65,26795.0,27815.0,15.46013031666667,3.8066803508117086
204320,만도,KOSPI,3,75.0,90,65,63300.0,62800.0,667.082115,-0.789889415481837
456880,미국달러SOFR금리,KOSPI,3,75.0,75,75,12590.0,12655.0,31.520624916666666,0.5162827640984968
464920,일본반도체소부장,KOSPI,3,75.0,80,65,22200.0,23465.0,17.481389150000002,5.69819819819819
469050,미국반도체NYSE,KOSPI,3,75.0,80,70,21115.0,22435.0,19.922486516666666,6.251479990528064
004360,세방,KOSPI,3,73.33333333333333,80,70,14750.0,14890.0,17.5899965,0.9491525423728886
325010,성장주,KOSPI,3,73.33333333333333,80,60,31310.0,33965.0,18.748071550000002,8.479718939635905
000650,천일고속,KOSPI,3,71.66666666666667,80,60,297500.0,330000.0,755.4520566666666,10.924369747899165
000670,영풍,KOSPI,3,71.66666666666667,80,65,59400.0,66100.0,66.616776,11.27946127946129
006220,제주은행,KOSPI,3,71.66666666666667,80,65,17050.0,17190.0,1869.498291633333,0.8211143695014744
009150,삼성전기,KOSPI,3,71.66666666666667,85,60,283000.0,313500.0,3570.82086,10.77738515901061
092790,넥스틸,KOSPI,3,71.66666666666667,80,65,11120.0,11660.0,77.58515293333333,4.856115107913661
185750,종근당,KOSPI,3,71.66666666666667,80,65,87200.0,93400.0,73.87453866666667,7.110091743119273
253280,헬스케어,KOSPI,3,71.66666666666667,85,60,18035.0,19660.0,27.978262616666665,9.01025783199334
402970,미국배당다우존스,KOSPI,3,71.66666666666667,80,65,13853.0,14455.0,105.37554755666667,4.345629105608895
450910,코스닥150,KOSPI,3,71.66666666666667,85,65,18850.0,18160.0,66.90385615000001,-3.6604774535809015
000860,강남제비스코,KOSPI,3,70.0,80,60,16540.0,18600.0,35.020933633333335,12.454655380894808
010100,한국무브넥스,KOSPI,3,70.0,80,60,5880.0,5930.0,103.47262206666666,0.8503401360544283
010770,평화홀딩스,KOSPI,3,70.0,80,65,4140.0,4190.0,17.138816566666666,1.2077294685990392
017800,현대엘리베이터,KOSPI,3,70.0,85,60,93600.0,98400.0,591.602752,5.128205128205132
042660,한화오션,KOSPI,3,70.0,80,60,140600.0,147200.0,4597.326801666667,4.694167852062581
042700,한미반도체,KOSPI,3,70.0,80,65,209500.0,323500.0,16782.395999999997,54.41527446300716
052690,한전기술,KOSPI,3,70.0,80,60,148200.0,163300.0,2411.190676,10.18893387314439
071320,지역난방공사,KOSPI,3,70.0,80,60,106400.0,112200.0,49.44768966666667,5.451127819548862
075580,세진중공업,KOSPI,3,70.0,80,60,20000.0,19730.0,132.1188555,-1.3499999999999956
128820,대성산업,KOSPI,3,70.0,80,65,8350.0,11240.0,1493.2894596666665,34.61077844311377
192090,차이나CSI300,KOSPI,3,70.0,70,70,12970.0,12890.0,13.5506871,-0.6168080185042446
192650,드림텍,KOSPI,3,70.0,80,65,7600.0,8670.0,89.88375886666665,14.078947368421058
194370,제이에스코퍼레이션,KOSPI,3,70.0,80,65,12190.0,14260.0,62.45028533333333,16.981132075471695
238720,일본Nikkei225,KOSPI,3,70.0,80,65,40600.0,41695.0,16.94797313333333,2.6970443349753737
251350,선진국,KOSPI,3,70.0,70,70,37790.0,37915.0,20.430251233333333,0.33077533739085396
277630,코스피,KOSPI,3,70.0,75,60,51525.0,60805.0,109.07185833333334,18.010674429888397
302450,코스피,KOSPI,3,70.0,80,65,60885.0,65800.0,131.427128,8.072595877473931
304780,선물레버리지,KOSPI,3,70.0,80,65,106140.0,126140.0,101.7081313,18.843037497644623
364970,바이오TOP10,KOSPI,3,70.0,70,70,9115.0,9440.0,119.08857336666667,3.5655512890839347
440910,미국우주항공방산,KOSPI,3,70.0,70,70,27330.0,27245.0,17.625722083333333,-0.311013538236371
441680,미국나스닥100커버드콜,KOSPI,3,70.0,75,65,10987.0,10997.0,24.93376918,0.09101665604804854
000157,두산2우B,KOSPI,3,68.33333333333333,80,60,491000.0,567000.0,43.41059333333334,15.478615071283098
001790,대한제당,KOSPI,3,68.33333333333333,80,60,2820.0,2875.0,18.579949016666667,1.9503546099290725
003620,모빌리티,KOSPI,3,68.33333333333333,80,60,3920.0,4270.0,401.74771088333335,8.92857142857142
006360,건설,KOSPI,3,68.33333333333333,70,65,19200.0,21400.0,341.38851800000003,11.458333333333325
019180,티에이치엔,KOSPI,3,68.33333333333333,70,65,8240.0,8180.0,68.27967340000001,-0.7281553398058249
028100,동아지질,KOSPI,3,68.33333333333333,80,60,17930.0,17910.0,19.695397933333332,-0.1115448968209698
058430,포스코스틸리온,KOSPI,3,68.33333333333333,70,65,42850.0,48450.0,178.94370566666666,13.068844807467904
091170,은행,KOSPI,3,68.33333333333333,75,65,13370.0,15852.0,454.8342358766667,18.563949139865365
093370,후성,KOSPI,3,68.33333333333333,70,65,8110.0,8300.0,59.3214673,2.3427866831072786
152870,파워,KOSPI,3,68.33333333333333,80,60,79445.0,95280.0,19.026473499999998,19.93202844735351
301400,코스닥150,KOSPI,3,68.33333333333333,75,65,19450.0,19780.0,47.16511873333334,1.6966580976863765
305080,미국채10년선물,KOSPI,3,68.33333333333333,70,65,13275.0,13270.0,36.85994845,-0.037664783427493465
375500,이앤씨,KOSPI,3,68.33333333333333,80,60,43550.0,48300.0,291.6850401666666,10.907003444316876
453340,현대그린푸드,KOSPI,3,68.33333333333333,80,60,15700.0,15350.0,21.123700933333335,-2.2292993630573243
455850,반도체소부장,KOSPI,3,68.33333333333333,70,65,21650.0,27015.0,1990.04367275,24.780600461893766
476760,미국30년국채액티브,KOSPI,3,68.33333333333333,70,65,9965.0,10160.0,230.47579632333336,1.9568489713998938
499660,금리플러스액티브,KOSPI,3,68.33333333333333,75,65,998617.0,999700.0,145.83098622,0.10844998633110503
000020,동화약품,KOSPI,3,66.66666666666667,75,60,6500.0,6360.0,16.436583266666666,-2.1538461538461506
001080,만호제강,KOSPI,3,66.66666666666667,70,65,5100.0,5440.0,10.75736,6.666666666666665
012320,경동인베스트,KOSPI,3,66.66666666666667,70,65,66300.0,98500.0,129.87054433333333,48.567119155354455
055550,신한지주,KOSPI,3,66.66666666666667,75,60,82500.0,96900.0,1843.4941850000002,17.454545454545457
084690,대상홀딩스,KOSPI,3,66.66666666666667,70,65,10000.0,10260.0,26.384097299999997,2.6000000000000023
300950,게임산업,KOSPI,3,66.66666666666667,70,65,6600.0,6700.0,24.7354828,1.5151515151515138
360200,미국S,KOSPI,3,66.66666666666667,70,65,25345.0,25445.0,200.39551043333336,0.39455513908068784
399110,미국S,KOSPI,3,66.66666666666667,70,65,19950.0,20065.0,11.62356365,0.5764411027568972
410870,컬처액티브,KOSPI,3,66.66666666666667,70,65,12355.0,12535.0,18.519194733333332,1.4569000404694554
455860,차전지소부장Fn,KOSPI,3,66.66666666666667,75,60,6120.0,7160.0,171.0403288166667,16.99346405228759
465660,일본반도체FACTSET,KOSPI,3,66.66666666666667,80,60,21795.0,22355.0,14.486541899999999,2.5693966506079358
482030,반도체,KOSPI,3,66.66666666666667,70,60,12475.0,12940.0,14.97951115,3.7274549098196497
000370,한화손해보험,KOSPI,3,65.0,65,65,6620.0,9300.0,994.0440098333335,40.483383685800604
002030,아세아,KOSPI,3,65.0,70,60,293500.0,293000.0,15.336683333333333,-0.17035775127768327
003240,태광산업,KOSPI,3,65.0,65,65,936000.0,1500000.0,164.75715,60.25641025641026
003610,방림,KOSPI,3,65.0,65,65,5750.0,6010.0,27.813986600000003,4.521739130434788
004150,한솔홀딩스,KOSPI,3,65.0,65,65,3500.0,3740.0,21.022069633333334,6.8571428571428505
005750,대림바스,KOSPI,3,65.0,65,65,5270.0,5780.0,32.555005333333334,9.677419354838701
005800,신영와코루,KOSPI,3,65.0,65,65,16800.0,16940.0,19.334562333333334,0.8333333333333304
013580,계룡건설,KOSPI,3,65.0,65,65,22750.0,26300.0,78.36062466666668,15.604395604395593
015230,대창단조,KOSPI,3,65.0,70,60,7120.0,7150.0,22.304314466666668,0.4213483146067398
018250,애경산업,KOSPI,3,65.0,65,65,15740.0,18000.0,142.18553193333332,14.35832274459974
032350,롯데관광개발,KOSPI,3,65.0,70,60,24900.0,25400.0,363.09048950000005,2.008032128514059
035510,신세계,KOSPI,3,65.0,70,60,17510.0,17980.0,35.56263813333333,2.6841804683038317
036580,팜스코,KOSPI,3,65.0,65,65,3965.0,4080.0,99.63561776666666,2.9003783102143688
090460,비에이치,KOSPI,3,65.0,65,65,19890.0,21650.0,343.00148966666666,8.848667672197074
123320,레버리지,KOSPI,3,65.0,65,65,66650.0,72270.0,1753.5072485333333,8.432108027006757
213610,삼성그룹밸류,KOSPI,3,65.0,75,60,14960.0,17835.0,13.700974166666667,19.21791443850267
298340,국채선물3년,KOSPI,3,65.0,70,60,56125.0,56285.0,34.60680595,0.28507795100223277
300610,게임,KOSPI,3,65.0,65,65,6950.0,6970.0,11.30244495,0.2877697841726645
378850,화승알앤에이,KOSPI,3,65.0,65,65,3745.0,3835.0,63.79842884999999,2.4032042723631575
423170,한국형글로벌반도체액티브,KOSPI,3,65.0,70,60,37040.0,41780.0,35.34926961666667,12.796976241900637
469150,반도체TOP3,KOSPI,3,65.0,70,60,40450.0,50190.0,1116.8294391333334,24.07911001236094
474800,미국원유에너지기업,KOSPI,3,65.0,65,65,14700.0,14420.0,29.758972916666664,-1.904761904761909
475070,글로벌친환경전력인프라액티브,KOSPI,3,65.0,70,60,30430.0,31300.0,13.1506847,2.8590207032533677
499790,피앤엘,KOSPI,3,65.0,70,60,49750.0,60800.0,313.5430666666667,22.21105527638192
000520,삼일제약,KOSPI,3,63.333333333333336,65,60,12220.0,11090.0,210.64475903333334,-9.247135842880528
003720,삼영,KOSPI,3,63.333333333333336,65,60,6530.0,8230.0,1084.0463093666665,26.033690658499232
004100,태양금속,KOSPI,3,63.333333333333336,65,60,2395.0,3065.0,62.18740795,27.97494780793319
006280,녹십자,KOSPI,3,63.333333333333336,70,60,170000.0,180300.0,211.44123066666666,6.058823529411761
007690,국도화학,KOSPI,3,63.333333333333336,70,60,37750.0,39700.0,12.010637833333334,5.1655629139072845
016380,스틸,KOSPI,3,63.333333333333336,65,60,5650.0,5530.0,20.80411666666667,-2.12389380530974
017390,서울가스,KOSPI,3,63.333333333333336,65,60,69700.0,68100.0,16.654949666666667,-2.295552367288378
017550,수산세보틱스,KOSPI,3,63.333333333333336,65,60,1784.0,2000.0,51.01224209333333,12.107623318385642
069260,휴켐스,KOSPI,3,63.333333333333336,65,60,19560.0,20700.0,45.7596186,5.828220858895716
090435,아모레퍼시픽우,KOSPI,3,63.333333333333336,65,60,49100.0,55900.0,42.211767333333334,13.849287169042768
128940,한미약품,KOSPI,3,63.333333333333336,70,60,540000.0,552000.0,1390.0395133333334,2.2222222222222143
138540,현대차그룹플러스,KOSPI,3,63.333333333333336,65,60,61630.0,73900.0,1820.6898273,19.909135161447345
178920,첨단소재,KOSPI,3,63.333333333333336,65,60,17150.0,20650.0,165.3521195333333,20.408163265306122
192820,코스맥스,KOSPI,3,63.333333333333336,70,60,198200.0,196200.0,263.4032986666667,-1.0090817356205872
233160,코스닥150,KOSPI,3,63.333333333333336,65,60,19380.0,21195.0,898.6033538666667,9.365325077399378
298020,효성티앤씨,KOSPI,3,63.333333333333336,70,60,414500.0,425500.0,235.58959333333334,2.6537997587454676
415920,글로벌희토류,KOSPI,3,63.333333333333336,70,60,9000.0,9580.0,58.308281533333336,6.444444444444453
445150,친환경조선해운액티브,KOSPI,3,63.333333333333336,70,60,35140.0,36990.0,16.93064956666667,5.264655663062046
490480,방산,KOSPI,3,63.333333333333336,70,60,33210.0,35580.0,98.56732796666667,7.136404697380305
000080,하이트진로,KOSPI,3,61.666666666666664,65,60,17940.0,18320.0,61.335601133333334,2.1181716833890807
001430,세아베스틸지주,KOSPI,3,61.666666666666664,65,60,81500.0,75300.0,524.8908443333333,-7.6073619631901845
005420,코스모화학,KOSPI,3,61.666666666666664,65,60,17300.0,17190.0,65.25045516666667,-0.6358381502890142
030000,제일기획,KOSPI,3,61.666666666666664,65,60,21300.0,22050.0,102.16827366666666,3.5211267605633756
032830,삼성생명,KOSPI,3,61.666666666666664,65,60,209000.0,232000.0,1495.9017999999999,11.004784688995217
161000,애경케미칼,KOSPI,3,61.666666666666664,65,60,9990.0,11050.0,252.38077796666667,10.610610610610616
325020,배당가치,KOSPI,3,61.666666666666664,65,60,24485.0,26725.0,22.324247333333336,9.148458239738622
367770,수소경제테마,KOSPI,3,61.666666666666664,65,60,22055.0,24855.0,63.92290813333333,12.695533892541366
453810,인도Nifty50,KOSPI,3,61.666666666666664,65,60,14025.0,14140.0,64.28417103333334,0.8199643493761233
004140,동방,KOSPI,3,60.0,60,60,2550.0,2595.0,33.44447123333333,1.764705882352935
004980,성신양회,KOSPI,3,60.0,60,60,9870.0,10360.0,13.862502600000001,4.964539007092195
017810,풀무원,KOSPI,3,60.0,60,60,13250.0,13430.0,12.6258531,1.35849056603774
051900,생활건강,KOSPI,3,60.0,60,60,266500.0,276000.0,248.85828333333333,3.564727954971847
072710,농심홀딩스,KOSPI,3,60.0,60,60,90800.0,90600.0,11.659987333333333,-0.22026431718061845
089860,롯데렌탈,KOSPI,3,60.0,60,60,31100.0,33850.0,32.53088816666667,8.842443729903525
139220,건설,KOSPI,3,60.0,60,60,6400.0,6700.0,46.45204233333334,4.6875
281820,케이씨텍,KOSPI,3,60.0,60,60,48650.0,51000.0,119.22495233333335,4.830421377183969
292560,일본엔선물,KOSPI,3,60.0,60,60,8730.0,8755.0,15.181419966666667,0.286368843069873
465770,그린로지스,KOSPI,3,60.0,60,60,6360.0,6830.0,34.38891276666667,7.389937106918243
176950,국채선물10년인버스,KOSPI,2,100.0,100,100,57635.0,57890.0,102.36503432500001,0.4424394898932871
414780,차이나과창판STAR50,KOSPI,2,95.0,100,90,12670.0,12800.0,74.28677495,1.0260457774269982
292770,국채선물3년인버스,KOSPI,2,92.5,100,85,56760.0,56865.0,102.263351925,0.1849894291754861
444490,미국S,KOSPI,2,92.5,100,85,19150.0,19225.0,25.748092999999997,0.3916449086161844
280930,미국러셀2000,KOSPI,2,90.0,100,80,15255.0,15405.0,19.774649175,0.9832841691248762
453330,미국S,KOSPI,2,90.0,100,80,16619.0,16539.0,14.929977090000001,-0.48137673746916354
495940,미국AI테크액티브,KOSPI,2,90.0,100,80,15070.0,14800.0,33.2368939,-1.791639017916391
401470,메타버스액티브,KOSPI,2,85.0,85,85,8620.0,8795.0,31.245322774999998,2.0301624129930307
147970,모멘텀,KOSPI,2,82.5,85,80,60020.0,70155.0,15.38880795,16.886037987337545
248170,샘표식품,KOSPI,2,82.5,85,80,30700.0,29900.0,27.002968000000003,-2.6058631921824116
275280,모멘텀주,KOSPI,2,82.5,85,80,28810.0,32650.0,13.35531945,13.32870531065602
403790,마이다스,KOSPI,2,82.5,85,80,41145.0,44100.0,64.33128645,7.1819176084578995
453640,미국S,KOSPI,2,82.5,100,65,13870.0,13955.0,17.161682075,0.6128334534967639
001380,글로벌,KOSPI,2,80.0,80,80,1627.0,1628.0,16.836368885,0.06146281499692652
005430,한국공항,KOSPI,2,80.0,90,70,69600.0,70300.0,11.5181145,1.0057471264367734
005950,이수화학,KOSPI,2,80.0,80,80,9680.0,9790.0,113.89015605,1.1363636363636465
047050,포스코인터내셔널,KOSPI,2,80.0,80,80,69000.0,75300.0,1679.7497595,9.130434782608688
140710,운송,KOSPI,2,80.0,80,80,7065.0,7210.0,35.187188049999996,2.0523708421797515
207940,삼성바이오로직스,KOSPI,2,80.0,90,70,1766000.0,1778000.0,1649.46204,0.6795016987542368
272560,단기국공채액티브,KOSPI,2,80.0,85,75,113410.0,113600.0,14.702997499999999,0.1675337271845434
007810,코리아써키트,KOSPI,2,77.5,85,70,59500.0,58900.0,510.34398899999997,-1.0084033613445342
452360,미국배당다우존스,KOSPI,2,77.5,90,65,11647.0,12250.0,59.973623045,5.17729887524685
002150,도화엔지니어링,KOSPI,2,75.0,80,70,6330.0,6530.0,11.09425775,3.159557661927326
008350,남선알미늄,KOSPI,2,75.0,80,70,1283.0,1291.0,113.10926203,0.623538581449723
012205,계양전기우,KOSPI,2,75.0,80,70,8280.0,8350.0,17.18614255,0.8454106280193274
013360,일성건설,KOSPI,2,75.0,80,70,2045.0,2105.0,15.92780565,2.933985330073341
021050,서원,KOSPI,2,75.0,80,70,1324.0,1324.0,30.90277566,0.0
126720,수산인더스트리,KOSPI,2,75.0,80,70,29200.0,29050.0,67.7210965,-0.5136986301369828
195980,신흥국MSCI,KOSPI,2,75.0,85,65,13650.0,13655.0,32.741012925,0.0366300366300365
300640,게임테마,KOSPI,2,75.0,85,65,8210.0,8275.0,13.6132433,0.7917174177831887
464600,자동차소부장Fn,KOSPI,2,75.0,80,70,16030.0,17515.0,14.510473050000002,9.263880224578912
480260,회사채,KOSPI,2,75.0,80,70,53290.0,53310.0,10.7315208,0.03753049352599458
483290,미국배당다우존스타겟커버드콜,KOSPI,2,75.0,90,60,9891.0,10138.0,29.442800945000002,2.497219694671915
002020,코오롱,KOSPI,2,72.5,80,65,69900.0,70700.0,154.706798,1.1444921316166035
002700,신일전자,KOSPI,2,72.5,80,65,1334.0,1371.0,13.517466915,2.7736131934033015
003480,한진중공업홀딩스,KOSPI,2,72.5,75,70,5310.0,5210.0,10.267603650000002,-1.883239171374762
005850,에스엘,KOSPI,2,72.5,80,65,61100.0,72200.0,658.069639,18.166939443535178
007120,미래아이앤지,KOSPI,2,72.5,80,65,1286.0,1226.0,33.96604532,-4.665629860031107
016740,두올,KOSPI,2,72.5,80,65,4655.0,4605.0,35.374274675,-1.074113856068748
139240,철강소재,KOSPI,2,72.5,80,65,16150.0,16565.0,19.954615125,2.569659442724448
241590,화승엔터프라이즈,KOSPI,2,72.5,80,65,5360.0,5800.0,25.3407908,8.208955223880587
275300,우량주,KOSPI,2,72.5,80,65,19465.0,21855.0,16.640018875000003,12.27844849730284
381570,친환경에너지,KOSPI,2,72.5,80,65,11405.0,11505.0,12.04448475,0.8768084173607971
479850,뷰티,KOSPI,2,72.5,80,65,15705.0,16350.0,30.589951650000003,4.106972301814715
489030,고배당주위클리커버드콜,KOSPI,2,72.5,80,65,8833.0,9059.0,211.96860055000002,2.5585871164949703
494330,라이프자산주주가치액티브,KOSPI,2,72.5,80,65,19965.0,22090.0,45.6841476,10.643626346105695
020150,롯데에너지머티리얼즈,KOSPI,2,70.0,80,60,41950.0,47750.0,664.6186815,13.825983313468404
022100,포스코DX,KOSPI,2,70.0,70,70,39250.0,39150.0,285.89633825,-0.2547770700636942
031210,서울보증보험,KOSPI,2,70.0,75,65,62000.0,56500.0,109.21454,-8.870967741935488
097520,엠씨넥스,KOSPI,2,70.0,70,70,30350.0,30400.0,17.986732500000002,0.16474464579900872
145720,덴티움,KOSPI,2,70.0,70,70,48200.0,48550.0,33.31480725,0.7261410788381717
196230,단기통안채,KOSPI,2,70.0,70,70,115370.0,115570.0,30.517723699999998,0.17335529167028518
227540,헬스케어,KOSPI,2,70.0,70,70,23855.0,24105.0,14.865383625,1.0479983232026813
261250,미국달러선물레버리지,KOSPI,2,70.0,75,65,17650.0,17750.0,23.985591,0.56657223796035
298690,에어부산,KOSPI,2,70.0,80,60,1884.0,1933.0,16.1395686,2.600849256900206
304660,미국30년국채울트라선물,KOSPI,2,70.0,80,60,7650.0,7775.0,25.631868375,1.6339869281045694
377740,바이오노트,KOSPI,2,70.0,70,70,6050.0,6230.0,14.6684145,2.975206611570247
379780,미국S,KOSPI,2,70.0,70,70,21915.0,21985.0,70.78288705,0.3194159251654227
395170,동일가중,KOSPI,2,70.0,75,65,13755.0,15790.0,14.216492800000001,14.794620138131599
414270,글로벌자율주행액티브,KOSPI,2,70.0,70,70,13315.0,13460.0,67.885503875,1.0889973713856582
465330,차전지TOP10,KOSPI,2,70.0,75,65,12420.0,12360.0,206.8928826,-0.48309178743961567
498410,금융고배당TOP10타겟위클리커버드콜,KOSPI,2,70.0,75,65,11947.0,12589.0,369.42675064499997,5.373733991797103
010140,삼성중공업,KOSPI,2,67.5,70,65,28950.0,28950.0,1332.24324675,0.0
066970,엘앤에프,KOSPI,2,67.5,70,65,123300.0,120800.0,683.5814614999999,-2.0275750202757514
210780,코스피고배당,KOSPI,2,67.5,70,65,22500.0,27980.0,32.5220993,24.355555555555554
266390,경기소비재,KOSPI,2,67.5,70,65,11135.0,11095.0,22.70610995,-0.35922766052985944
379800,미국S,KOSPI,2,67.5,70,65,22910.0,23005.0,2839.431210175,0.41466608467917165
423920,미국필라델피아반도체레버리지,KOSPI,2,67.5,70,65,49720.0,51185.0,112.07011135,2.9465004022526164
464610,의료기기소부장Fn,KOSPI,2,67.5,75,60,11260.0,12035.0,31.329359425,6.882770870337485
475050,포커스,KOSPI,2,67.5,70,65,11900.0,12275.0,180.3389645,3.1512605042016917
490090,미국AI빅테크10,KOSPI,2,67.5,70,65,15130.0,14950.0,73.3593815,-1.189689358889623
000545,흥국화재우,KOSPI,2,65.0,65,65,9510.0,9060.0,19.9906425,-4.731861198738175
000990,하이텍,KOSPI,2,65.0,65,65,94000.0,95700.0,529.65841,1.8085106382978777
001070,대한방직,KOSPI,2,65.0,65,65,8800.0,8360.0,24.1881904,-5.000000000000004
001360,삼성제약,KOSPI,2,65.0,65,65,1788.0,2075.0,161.381365685,16.05145413870246
001530,동일,KOSPI,2,65.0,70,60,20300.0,21400.0,26.894639500000004,5.418719211822665
001550,조비,KOSPI,2,65.0,65,65,14720.0,14940.0,488.3116078,1.4945652173913082
002760,보락,KOSPI,2,65.0,65,65,1319.0,1323.0,355.775400975,0.30326004548901775
002790,아모레퍼시픽홀딩스,KOSPI,2,65.0,65,65,31000.0,34950.0,250.479826,12.74193548387097
002960,한국쉘석유,KOSPI,2,65.0,65,65,467500.0,508000.0,41.0869175,8.66310160427808
003200,일신방직,KOSPI,2,65.0,65,65,13780.0,16000.0,73.0170557,16.110304789550067
003690,코리안리,KOSPI,2,65.0,65,65,11470.0,13750.0,148.97083835,19.877942458587626
005010,휴스틸,KOSPI,2,65.0,65,65,4380.0,4325.0,21.455460225000003,-1.255707762557079
005490,홀딩스,KOSPI,2,65.0,70,60,367000.0,383000.0,5015.482435,4.3596730245231585
005830,손해보험,KOSPI,2,65.0,65,65,152800.0,183100.0,1139.23712,19.82984293193717
005880,대한해운,KOSPI,2,65.0,65,65,2185.0,2375.0,443.47024147499997,8.695652173913038
006345,대원전선우,KOSPI,2,65.0,65,65,4745.0,4850.0,210.65165335,2.212855637513167
006660,삼성공조,KOSPI,2,65.0,70,60,14000.0,13980.0,13.6809966,-0.14285714285714457
007160,사조산업,KOSPI,2,65.0,65,65,64500.0,72200.0,48.6958885,11.93798449612402
007660,이수페타시스,KOSPI,2,65.0,70,60,118400.0,125400.0,1861.974674,5.912162162162171
012280,영화금속,KOSPI,2,65.0,65,65,1043.0,1123.0,13.215166605,7.670182166826467
013700,까뮤이앤씨,KOSPI,2,65.0,65,65,1470.0,1470.0,12.4374201,0.0
014280,금강공업,KOSPI,2,65.0,65,65,6180.0,6570.0,51.300801750000005,6.310679611650483
014820,동원시스템즈,KOSPI,2,65.0,65,65,29550.0,28100.0,27.932140000000004,-4.906937394247035
020560,아시아나항공,KOSPI,2,65.0,70,60,7800.0,7810.0,18.4507373,0.12820512820512775
029460,케이씨,KOSPI,2,65.0,70,60,34700.0,35050.0,30.389026,1.008645533141217
029780,삼성카드,KOSPI,2,65.0,65,65,54900.0,61500.0,93.99426749999999,12.021857923497258
037710,광주신세계,KOSPI,2,65.0,65,65,34850.0,37700.0,18.506424000000003,8.177905308464851
039490,키움증권,KOSPI,2,65.0,70,60,487500.0,495500.0,1241.203485,1.6410256410256396
064350,현대로템,KOSPI,2,65.0,70,60,214500.0,230500.0,3894.5307725000002,7.459207459207451
071840,롯데하이마트,KOSPI,2,65.0,65,65,9000.0,9150.0,97.2700695,1.6666666666666607
078520,에이블씨엔씨,KOSPI,2,65.0,65,65,11810.0,12020.0,69.014765,1.7781541066892448
081000,일진다이아,KOSPI,2,65.0,65,65,16350.0,16570.0,104.48669244999999,1.3455657492354778
081660,미스토홀딩스,KOSPI,2,65.0,65,65,50800.0,50500.0,134.45523,-0.5905511811023612
084870,글로벌,KOSPI,2,65.0,65,65,1601.0,1751.0,34.549374040000004,9.369144284821985
090430,아모레퍼시픽,KOSPI,2,65.0,65,65,165100.0,151400.0,2393.2255625,-8.29800121138704
095570,네트웍스,KOSPI,2,65.0,65,65,5290.0,5460.0,41.78567065,3.2136105860113506
097950,제일제당,KOSPI,2,65.0,70,60,228500.0,230500.0,283.98114250000003,0.875273522975939
105780,대그룹주,KOSPI,2,65.0,65,65,14960.0,14965.0,10.59708255,0.033422459893039935
136490,선진,KOSPI,2,65.0,65,65,13240.0,13600.0,233.0004926,2.7190332326284095
139290,경기소비재,KOSPI,2,65.0,65,65,25970.0,33285.0,66.03213224999999,28.167115902964966
140700,보험,KOSPI,2,65.0,65,65,17875.0,17565.0,587.9612306500001,-1.7342657342657386
183190,아세아시멘트,KOSPI,2,65.0,65,65,13220.0,13120.0,15.5980432,-0.7564296520423563
192720,파워,KOSPI,2,65.0,65,65,53905.0,55545.0,11.942734999999999,3.0423893887394415
210980,디앤디,KOSPI,2,65.0,65,65,13380.0,13540.0,22.869097500000002,1.195814648729443
211560,배당성장,KOSPI,2,65.0,65,65,32640.0,38935.0,51.9610658,19.286151960784316
223190,가치저변동,KOSPI,2,65.0,65,65,24990.0,26505.0,13.831788,6.0624249699879895
228800,여행레저,KOSPI,2,65.0,65,65,3720.0,3670.0,105.74321755,-1.3440860215053752
267250,현대,KOSPI,2,65.0,70,60,241500.0,261000.0,869.6507475000001,8.074534161490687
271060,대농산물선물,KOSPI,2,65.0,70,60,7920.0,8070.0,10.23567285,1.8939393939394034
271980,제일약품,KOSPI,2,65.0,65,65,17390.0,16880.0,279.95232855,-2.9327199539965543
275290,가치주,KOSPI,2,65.0,65,65,21510.0,25225.0,20.547376,17.271036727103684
298770,한국대만IT프리미어,KOSPI,2,65.0,65,65,50505.0,49475.0,51.71137825,-2.0394020394020385
316670,코스닥150,KOSPI,2,65.0,65,65,9615.0,9245.0,120.35041375,-3.8481539261570497
322410,고배당,KOSPI,2,65.0,65,65,21955.0,25109.0,27.177584925,14.36574812115692
323410,카카오뱅크,KOSPI,2,65.0,65,65,25000.0,26850.0,3813.254923,7.400000000000007
339770,교촌에프앤비,KOSPI,2,65.0,65,65,4695.0,4915.0,19.142524350000002,4.685835995740151
354500,코스닥150,KOSPI,2,65.0,65,65,19420.0,18660.0,283.7040736,-3.913491246138001
388280,엔터,KOSPI,2,65.0,65,65,8505.0,9005.0,15.735172200000001,5.878894767783649
433880,액티브,KOSPI,2,65.0,65,65,17880.0,17820.0,12.2118195,-0.3355704697986628
445290,로봇액티브,KOSPI,2,65.0,70,60,37175.0,38650.0,1509.93991675,3.967720242098194
446690,아시아AI반도체exChina액티브,KOSPI,2,65.0,65,65,39075.0,44960.0,20.946015375,15.060780550223928
449450,방산,KOSPI,2,65.0,70,60,66225.0,70535.0,2619.8171198,6.508116270290665
468380,미국하이일드액티브,KOSPI,2,65.0,65,65,11768.0,11753.0,28.745381955,-0.12746430999319713
475350,버크셔포트폴리오TOP10,KOSPI,2,65.0,70,60,14610.0,14600.0,12.089742000000001,-0.0684462696783017
476550,미국30년국채커버드콜액티브,KOSPI,2,65.0,70,60,7491.0,7660.0,179.16388509,2.256040582031771
489000,일본엔화초단기국채,KOSPI,2,65.0,70,60,9985.0,10015.0,17.4996917,0.3004506760140302
494220,하이닉스밸류체인액티브,KOSPI,2,65.0,70,60,31775.0,33095.0,196.63320665,4.154209284028321
000720,현대건설,KOSPI,2,62.5,65,60,124300.0,164700.0,9301.3728455,32.502011263073214
008260,스틸,KOSPI,2,62.5,65,60,3590.0,3700.0,13.09494355,3.064066852367686
090350,노루페인트,KOSPI,2,62.5,65,60,9060.0,9200.0,530.6881279,1.5452538631346657
091180,자동차,KOSPI,2,62.5,65,60,33685.0,36200.0,1634.9221106,7.4662312602048475
091230,반도체,KOSPI,2,62.5,65,60,89055.0,93715.0,854.829142325,5.232721351973502
117700,건설,KOSPI,2,62.5,65,60,5690.0,6825.0,120.46024905000002,19.94727592267136
272210,한화시스템,KOSPI,2,62.5,65,60,119500.0,116500.0,10625.5918525,-2.5104602510460206
278240,코스닥150선물레버리지,KOSPI,2,62.5,65,60,19735.0,23065.0,77.574890225,16.873574866987596
282330,리테일,KOSPI,2,62.5,65,60,126200.0,140700.0,247.0193575,11.48969889064977
293480,하나제약,KOSPI,2,62.5,65,60,10620.0,10760.0,16.07294,1.3182674199623268
317400,자이에스앤디,KOSPI,2,62.5,65,60,4765.0,4595.0,16.040205475,-3.5676810073452248
364980,차전지TOP10,KOSPI,2,62.5,65,60,9935.0,11440.0,597.3545568750001,15.148465022647217
385510,신재생에너지액티브,KOSPI,2,62.5,65,60,37070.0,38950.0,148.72247844999998,5.071486377124357
385710,이노베이션액티브,KOSPI,2,62.5,65,60,13375.0,13660.0,16.115728375,2.1308411214953304
385720,코스피액티브,KOSPI,2,62.5,65,60,18610.0,20920.0,70.60600185,12.412681354110688
439870,국고채30년액티브,KOSPI,2,62.5,65,60,104500.0,106245.0,51.375540125,1.6698564593301546
460860,동국제강,KOSPI,2,62.5,65,60,9060.0,10270.0,268.0558781,13.355408388520962
471990,반도체핵심장비,KOSPI,2,62.5,65,60,20650.0,26160.0,979.3038127,26.68280871670703
472830,미국30년국채커버드콜,KOSPI,2,62.5,65,60,9119.0,9164.0,11.144684145,0.4934751617502009
474590,반도체밸류체인액티브,KOSPI,2,62.5,65,60,24800.0,29605.0,35.31589595,19.375000000000007
476260,반도체핵심공정주도주,KOSPI,2,62.5,65,60,11115.0,12340.0,97.50966894999999,11.021142600089973
000155,두산우,KOSPI,2,60.0,60,60,540000.0,563000.0,202.73556,4.2592592592592515
000660,하이닉스,KOSPI,2,60.0,60,60,907000.0,949000.0,47893.769915,4.630650496141131
004830,덕성,KOSPI,2,60.0,60,60,5040.0,5180.0,99.0146374,2.777777777777768
008490,서흥,KOSPI,2,60.0,60,60,22200.0,23050.0,15.721877,3.828828828828823
008730,율촌화학,KOSPI,2,60.0,60,60,28200.0,28250.0,32.525296749999995,0.17730496453900457
009190,대양금속,KOSPI,2,60.0,60,60,1369.0,1424.0,23.52913229,4.017531044558065
009270,신원,KOSPI,2,60.0,60,60,1507.0,1476.0,52.305512755,-2.0570670205706687
009310,참엔지니어링,KOSPI,2,60.0,60,60,1209.0,1312.0,117.73312064000001,8.519437551695619
009540,한국조선해양,KOSPI,2,60.0,60,60,457500.0,467500.0,1400.4080749999998,2.1857923497267784
011780,금호석유화학,KOSPI,2,60.0,60,60,147000.0,151100.0,185.1129795,2.7891156462585
015760,한국전력,KOSPI,2,60.0,60,60,62700.0,64300.0,2969.9081685,2.551834130781505
016880,웅진,KOSPI,2,60.0,60,60,2420.0,2600.0,68.0008711,7.438016528925617
035720,카카오,KOSPI,2,60.0,60,60,61400.0,62300.0,5208.692505999999,1.4657980456026065
039130,하나투어,KOSPI,2,60.0,60,60,48950.0,48400.0,172.3571795,-1.1235955056179803
051905,생활건강우,KOSPI,2,60.0,60,60,115600.0,119500.0,16.3806895,3.3737024221453193
096775,이노베이션우,KOSPI,2,60.0,60,60,75100.0,78600.0,14.005619,4.6604527296937315
120110,코오롱인더,KOSPI,2,60.0,60,60,67100.0,67600.0,358.185887,0.7451564828613977
214420,토니모리,KOSPI,2,60.0,60,60,9290.0,9600.0,63.3331698,3.336921420882666
228810,미디어컨텐츠,KOSPI,2,60.0,60,60,5945.0,6275.0,65.5736219,5.55088309503784
261220,원유선물,KOSPI,2,60.0,60,60,15225.0,15645.0,36.597015,2.758620689655178
270810,코스닥150,KOSPI,2,60.0,60,60,20860.0,20920.0,548.0275268,0.2876318312559967
317450,명인제약,KOSPI,2,60.0,60,60,66000.0,64800.0,72.121836,-1.8181818181818188
373220,에너지솔루션,KOSPI,2,60.0,60,60,427000.0,427000.0,2416.84562,0.0
422420,차전지액티브,KOSPI,2,60.0,60,60,9415.0,9555.0,168.12107375,1.486988847583648
471230,국고채10년액티브,KOSPI,2,60.0,60,60,107820.0,108115.0,35.796267799999995,0.2736041550732704
475300,반도체전공정,KOSPI,2,60.0,60,60,17850.0,18660.0,208.5140268,4.537815126050426
004770,써니전자,KOSPI,1,100.0,100,100,1646.0,1646.0,10.01019838,0.0
122900,아이마켓코리아,KOSPI,1,100.0,100,100,8110.0,8110.0,13.6011188,0.0
168580,중국본토CSI300,KOSPI,1,100.0,100,100,35520.0,35520.0,10.8218784,0.0
174360,중국본토대형주CSI100,KOSPI,1,100.0,100,100,24310.0,24310.0,19.3332568,0.0
195930,유로스탁스50,KOSPI,1,100.0,100,100,22300.0,22300.0,26.953341,0.0
195970,선진국MSCI,KOSPI,1,100.0,100,100,15735.0,15735.0,13.57663005,0.0
200030,미국S,KOSPI,1,100.0,100,100,41985.0,41985.0,35.40888945,0.0
332610,미국단기회사채,KOSPI,1,100.0,100,100,133994.0,133994.0,10.83475484,0.0
437350,미국단기투자등급회사채액티브,KOSPI,1,100.0,100,100,12930.0,12930.0,10.152636,0.0
454910,두산로보틱스,KOSPI,1,100.0,100,100,107300.0,107300.0,12923.166934,0.0
491090,미국테크TOP3플러스,KOSPI,1,100.0,100,100,16425.0,16425.0,16.35486525,0.0
261270,미국달러선물인버스,KOSPI,1,90.0,90,90,7845.0,7845.0,10.07227395,0.0
415760,차이나육성산업액티브,KOSPI,1,90.0,90,90,12185.0,12185.0,14.7090009,0.0
468630,미국투자등급회사채액티브,KOSPI,1,90.0,90,90,11884.0,11884.0,11.42563412,0.0
005720,넥센,KOSPI,1,85.0,85,85,6980.0,6980.0,31.6252632,0.0
008420,문배철강,KOSPI,1,85.0,85,85,2165.0,2165.0,12.1844035,0.0
037560,헬로비전,KOSPI,1,85.0,85,85,2475.0,2475.0,14.5545345,0.0
225130,골드선물,KOSPI,1,85.0,85,85,67625.0,67625.0,54.7613725,0.0
256750,차이나심천ChiNext,KOSPI,1,85.0,85,85,15315.0,15315.0,11.54705055,0.0
261240,미국달러선물,KOSPI,1,85.0,85,85,14850.0,14850.0,40.416651,0.0
267290,경동도시가스,KOSPI,1,85.0,85,85,22750.0,22750.0,22.468355,0.0
316140,우리금융지주,KOSPI,1,85.0,85,85,36000.0,36000.0,2769.19668,0.0
427120,플랫폼,KOSPI,1,85.0,85,85,7600.0,7600.0,12.526852,0.0
438560,국고채3년,KOSPI,1,85.0,85,85,100715.0,100715.0,17.76511885,0.0
442560,액티브,KOSPI,1,85.0,85,85,15530.0,15530.0,18.9538991,0.0
453650,미국S,KOSPI,1,85.0,85,85,19200.0,19200.0,21.551232,0.0
479520,금리액티브,KOSPI,1,85.0,85,85,104795.0,104795.0,11.20363345,0.0
000220,유유제약,KOSPI,1,80.0,80,80,4695.0,4695.0,14.73258135,0.0
001260,남광토건,KOSPI,1,80.0,80,80,8780.0,8780.0,10.4686574,0.0
002140,고려산업,KOSPI,1,80.0,80,80,2510.0,2510.0,86.9189908,0.0
002795,아모레퍼시픽홀딩스우,KOSPI,1,80.0,80,80,12770.0,12770.0,18.6032083,0.0
002920,유성기업,KOSPI,1,80.0,80,80,2270.0,2270.0,30.2421204,0.0
004370,농심,KOSPI,1,80.0,80,80,426000.0,426000.0,321.843,0.0
006400,삼성SDI,KOSPI,1,80.0,80,80,421500.0,421500.0,10891.791825,0.0
007700,홀딩스,KOSPI,1,80.0,80,80,22550.0,22550.0,11.826122,0.0
008040,사조동아원,KOSPI,1,80.0,80,80,1104.0,1104.0,12.4755312,0.0
009320,아진전자부품,KOSPI,1,80.0,80,80,1179.0,1179.0,27.23747022,0.0
013570,디와이,KOSPI,1,80.0,80,80,5390.0,5390.0,33.1879009,0.0
014910,성문전자,KOSPI,1,80.0,80,80,2055.0,2055.0,104.77822335,0.0
083420,그린케미칼,KOSPI,1,80.0,80,80,6170.0,6170.0,17.1408153,0.0
102460,이연제약,KOSPI,1,80.0,80,80,11930.0,11930.0,28.0115207,0.0
134380,미원화학,KOSPI,1,80.0,80,80,107000.0,107000.0,10.19817,0.0
145990,삼양사,KOSPI,1,80.0,80,80,48800.0,48800.0,19.431184,0.0
163560,동일고무벨트,KOSPI,1,80.0,80,80,7440.0,7440.0,20.9578104,0.0
261260,미국달러선물인버스2X,KOSPI,1,80.0,80,80,5110.0,5110.0,22.25405,0.0
269530,글로벌인프라,KOSPI,1,80.0,80,80,21055.0,21055.0,14.2550772,0.0
315960,대형고배당10TR,KOSPI,1,80.0,80,80,59300.0,59300.0,516.464455,0.0
377300,카카오페이,KOSPI,1,80.0,80,80,68300.0,68300.0,2106.183492,0.0
387280,퓨처모빌리티액티브,KOSPI,1,80.0,80,80,13260.0,13260.0,16.188471,0.0
388420,비메모리반도체액티브,KOSPI,1,80.0,80,80,19950.0,19950.0,228.6898425,0.0
409820,미국나스닥100레버리지,KOSPI,1,80.0,80,80,16285.0,16285.0,34.48788445,0.0
448300,미국나스닥100,KOSPI,1,80.0,80,80,20380.0,20380.0,43.3219698,0.0
448490,국고채액티브,KOSPI,1,80.0,80,80,55000.0,55000.0,11.3399,0.0
448570,코리아액티브,KOSPI,1,80.0,80,80,25140.0,25140.0,19.298721,0.0
451530,국고채30년스트립액티브,KOSPI,1,80.0,80,80,48905.0,48905.0,55.31302215,0.0
453630,미국S,KOSPI,1,80.0,80,80,13525.0,13525.0,11.28133775,0.0
483020,의료AI,KOSPI,1,80.0,80,80,14490.0,14490.0,12.3476535,0.0
493810,미국AI빅테크10타겟데일리커버드콜,KOSPI,1,80.0,80,80,11586.0,11586.0,62.3796033,0.0
495750,코리아밸류업,KOSPI,1,80.0,80,80,23210.0,23210.0,22.6977553,0.0
086790,하나금융지주,KOSPI,1,75.0,75,75,121800.0,121800.0,2580.760518,0.0
456610,미국달러SOFR금리액티브,KOSPI,1,75.0,75,75,62150.0,62150.0,39.8313135,0.0
476690,글로벌비만치료제TOP2Plus,KOSPI,1,75.0,75,75,11034.0,11034.0,18.94725378,0.0
477080,금리액티브,KOSPI,1,75.0,75,75,105795.0,105795.0,13.45395015,0.0
000640,동아쏘시오홀딩스,KOSPI,1,70.0,70,70,105862.0,105862.0,29.99176322,0.0
007110,일신석재,KOSPI,1,70.0,70,70,1618.0,1618.0,12.22492844,0.0
009470,삼화전기,KOSPI,1,70.0,70,70,46400.0,46400.0,177.229904,0.0
009970,영원무역홀딩스,KOSPI,1,70.0,70,70,249500.0,249500.0,98.21817,0.0
013890,지누스,KOSPI,1,70.0,70,70,12750.0,12750.0,11.548185,0.0
033530,세종,KOSPI,1,70.0,70,70,10800.0,10800.0,108.657504,0.0
082740,한화엔진,KOSPI,1,70.0,70,70,55000.0,55000.0,345.7597,0.0
102260,동성케미컬,KOSPI,1,70.0,70,70,4500.0,4500.0,14.064975,0.0
234080,생명과학,KOSPI,1,70.0,70,70,13140.0,13140.0,12.1480614,0.0
271940,일진하이솔루스,KOSPI,1,70.0,70,70,16020.0,16020.0,29.533671,0.0
360750,미국S,KOSPI,1,70.0,70,70,25175.0,25175.0,2105.64732175,0.0
395270,반도체,KOSPI,1,70.0,70,70,31200.0,31200.0,2972.365032,0.0
401170,메타버스,KOSPI,1,70.0,70,70,8400.0,8400.0,11.397036,0.0
438080,미국S,KOSPI,1,70.0,70,70,14020.0,14020.0,78.5076538,0.0
449190,미국나스닥100,KOSPI,1,70.0,70,70,19745.0,19745.0,50.6036707,0.0
457190,이수스페셜티케미컬,KOSPI,1,70.0,70,70,104100.0,104100.0,1227.334836,0.0
461600,미국30년국채액티브,KOSPI,1,70.0,70,70,9005.0,9005.0,19.27457215,0.0
475560,더본코리아,KOSPI,1,70.0,70,70,24400.0,24400.0,11.550716,0.0
480030,미국500데일리타겟커버드콜,KOSPI,1,70.0,70,70,10513.0,10513.0,14.00731094,0.0
482730,미국S,KOSPI,1,70.0,70,70,11812.0,11812.0,51.7790832,0.0
000270,기아,KOSPI,1,65.0,65,65,196100.0,196100.0,7601.489013,0.0
000700,유수홀딩스,KOSPI,1,65.0,65,65,6560.0,6560.0,17.4737408,0.0
000760,이화산업,KOSPI,1,65.0,65,65,17650.0,17650.0,12.8942075,0.0
001120,인터내셔널,KOSPI,1,65.0,65,65,44700.0,44700.0,193.378011,0.0
001275,부국증권우,KOSPI,1,65.0,65,65,35900.0,35900.0,11.995267,0.0
001390,케미칼,KOSPI,1,65.0,65,65,5810.0,5810.0,32.9429324,0.0
002620,제일파마홀딩스,KOSPI,1,65.0,65,65,8950.0,8950.0,73.43117,0.0
003350,한국화장품제조,KOSPI,1,65.0,65,65,53000.0,53000.0,28.86486,0.0
003495,대한항공우,KOSPI,1,65.0,65,65,25450.0,25450.0,16.2205575,0.0
003920,남양유업,KOSPI,1,65.0,65,65,49900.0,49900.0,13.550844,0.0
004105,태양금속우,KOSPI,1,65.0,65,65,4015.0,4015.0,10.288839,0.0
004540,깨끗한나라,KOSPI,1,65.0,65,65,2070.0,2070.0,20.7088596,0.0
004840,동일,KOSPI,1,65.0,65,65,5740.0,5740.0,11.4605988,0.0
005305,롯데칠성우,KOSPI,1,65.0,65,65,82600.0,82600.0,11.264988,0.0
005385,현대차우,KOSPI,1,65.0,65,65,321500.0,321500.0,1828.3705,0.0
005387,현대차2우B,KOSPI,1,65.0,65,65,323500.0,323500.0,2103.904895,0.0
005389,현대차3우B,KOSPI,1,65.0,65,65,306500.0,306500.0,217.17977,0.0
005680,삼영전자,KOSPI,1,65.0,65,65,11880.0,11880.0,17.936424,0.0
006040,동원산업,KOSPI,1,65.0,65,65,44250.0,44250.0,45.435015,0.0
009200,무림페이퍼,KOSPI,1,65.0,65,65,2155.0,2155.0,19.8882795,0.0
011070,이노텍,KOSPI,1,65.0,65,65,345000.0,345000.0,3970.51185,0.0
011230,삼화전자,KOSPI,1,65.0,65,65,2870.0,2870.0,16.0318487,0.0
011785,금호석유화학우,KOSPI,1,65.0,65,65,68800.0,68800.0,10.307616,0.0
014830,유니드,KOSPI,1,65.0,65,65,82500.0,82500.0,35.429625,0.0
016450,한세예스24홀딩스,KOSPI,1,65.0,65,65,4740.0,4740.0,20.170833,0.0
017900,광전자,KOSPI,1,65.0,65,65,2080.0,2080.0,11.0098768,0.0
020000,한섬,KOSPI,1,65.0,65,65,21200.0,21200.0,176.026568,0.0
021820,세원정공,KOSPI,1,65.0,65,65,17250.0,17250.0,10.1528325,0.0
026960,동서,KOSPI,1,65.0,65,65,27850.0,27850.0,40.7921735,0.0
028670,팬오션,KOSPI,1,65.0,65,65,5530.0,5530.0,551.4649273,0.0
031440,신세계푸드,KOSPI,1,65.0,65,65,52000.0,52000.0,10.2726,0.0
032560,황금에스티,KOSPI,1,65.0,65,65,6310.0,6310.0,13.7162363,0.0
047400,유니온머티리얼,KOSPI,1,65.0,65,65,1539.0,1539.0,12.21330393,0.0
051910,화학,KOSPI,1,65.0,65,65,417500.0,417500.0,4784.65855,0.0
051915,화학우,KOSPI,1,65.0,65,65,201000.0,201000.0,323.97984,0.0
088790,진도,KOSPI,1,65.0,65,65,2150.0,2150.0,11.588156,0.0
091160,반도체,KOSPI,1,65.0,65,65,84000.0,84000.0,6427.42128,0.0
096760,홀딩스,KOSPI,1,65.0,65,65,4245.0,4245.0,45.4030767,0.0
104530,고배당,KOSPI,1,65.0,65,65,22200.0,22200.0,28.20177,0.0
111380,동인기연,KOSPI,1,65.0,65,65,16710.0,16710.0,13.2278031,0.0
120030,조선선재,KOSPI,1,65.0,65,65,111700.0,111700.0,19.276069,0.0
133690,미국나스닥100,KOSPI,1,65.0,65,65,165665.0,165665.0,1203.56782155,0.0
139130,금융지주,KOSPI,1,65.0,65,65,19090.0,19090.0,235.9159381,0.0
140950,파워,KOSPI,1,65.0,65,65,58275.0,58275.0,13.78961325,0.0
161510,고배당주,KOSPI,1,65.0,65,65,29533.0,29533.0,1830.97010019,0.0
161890,한국콜마,KOSPI,1,65.0,65,65,75000.0,75000.0,542.81475,0.0
219390,미국S,KOSPI,1,65.0,65,65,6860.0,6860.0,18.1228852,0.0
228790,화장품,KOSPI,1,65.0,65,65,3650.0,3650.0,350.556731,0.0
229200,코스닥150,KOSPI,1,65.0,65,65,19295.0,19295.0,21686.665417,0.0
232080,코스닥150,KOSPI,1,65.0,65,65,18930.0,18930.0,2386.0074303,0.0
261120,미국달러선물인버스2X,KOSPI,1,65.0,65,65,4925.0,4925.0,10.08172125,0.0
266410,필수소비재,KOSPI,1,65.0,65,65,9005.0,9005.0,25.6006747,0.0
281990,중소형고배당,KOSPI,1,65.0,65,65,18495.0,18495.0,22.59663615,0.0
305050,코스피,KOSPI,1,65.0,65,65,66035.0,66035.0,17.90671095,0.0
306200,세아제강,KOSPI,1,65.0,65,65,140800.0,140800.0,72.595072,0.0
379810,미국나스닥100,KOSPI,1,65.0,65,65,24815.0,24815.0,1037.113147,0.0
380340,코리아AI테크핵심산업,KOSPI,1,65.0,65,65,20960.0,20960.0,10.3781344,0.0
396500,반도체TOP10,KOSPI,1,65.0,65,65,27235.0,27235.0,13992.49735325,0.0
433330,미국S,KOSPI,1,65.0,65,65,20989.0,20989.0,17.79762255,0.0
438570,국고채10년,KOSPI,1,65.0,65,65,102935.0,102935.0,14.50251215,0.0
442260,마이티,KOSPI,1,65.0,65,65,26415.0,26415.0,27.42801525,0.0
445910,배당귀족,KOSPI,1,65.0,65,65,21885.0,21885.0,18.01989015,0.0
453820,인도Nifty50레버리지,KOSPI,1,65.0,65,65,16730.0,16730.0,11.3374191,0.0
453870,인도니프티50,KOSPI,1,65.0,65,65,13815.0,13815.0,124.0164261,0.0
458250,미국30년국채스트립액티브,KOSPI,1,65.0,65,65,39650.0,39650.0,101.245482,0.0
461450,코스닥글로벌,KOSPI,1,65.0,65,65,18295.0,18295.0,45.9109366,0.0
462010,차전지소재Fn,KOSPI,1,65.0,65,65,6840.0,6840.0,1317.4861212,0.0
469790,테크TOP10,KOSPI,1,65.0,65,65,31615.0,31615.0,25.75958585,0.0
476850,배당성장액티브,KOSPI,1,65.0,65,65,16045.0,16045.0,30.11149105,0.0
480020,미국빅테크7,KOSPI,1,65.0,65,65,12554.0,12554.0,28.11945352,0.0
483650,달바글로벌,KOSPI,1,65.0,65,65,169400.0,169400.0,797.003284,0.0
488080,반도체TOP10레버리지,KOSPI,1,65.0,65,65,31190.0,31190.0,3847.3485681,0.0
488200,차전지북미공급망,KOSPI,1,65.0,65,65,14915.0,14915.0,15.7120576,0.0
491830,미국AI반도체팹리스,KOSPI,1,65.0,65,65,14440.0,14440.0,33.7103244,0.0
494310,반도체레버리지,KOSPI,1,65.0,65,65,50220.0,50220.0,4626.9498942,0.0
497780,미국천연가스인프라액티브,KOSPI,1,65.0,65,65,10217.0,10217.0,12.23056636,0.0
000070,삼양홀딩스,KOSPI,1,60.0,60,60,62200.0,62200.0,24.152882,0.0
000100,유한양행,KOSPI,1,60.0,60,60,109400.0,109400.0,537.451568,0.0
001780,알루코,KOSPI,1,60.0,60,60,2355.0,2355.0,40.34319885,0.0
003030,세아제강지주,KOSPI,1,60.0,60,60,153100.0,153100.0,59.21908,0.0
003780,진양산업,KOSPI,1,60.0,60,60,6700.0,6700.0,18.48597,0.0
003960,사조대림,KOSPI,1,60.0,60,60,37450.0,37450.0,10.541426,0.0
004170,신세계,KOSPI,1,60.0,60,60,313500.0,313500.0,263.61588,0.0
006880,신송홀딩스,KOSPI,1,60.0,60,60,6780.0,6780.0,10.1693898,0.0
009450,경동나비엔,KOSPI,1,60.0,60,60,60100.0,60100.0,101.534142,0.0
014680,한솔케미칼,KOSPI,1,60.0,60,60,330000.0,330000.0,269.676,0.0
017860,단석,KOSPI,1,60.0,60,60,19950.0,19950.0,65.10483,0.0
051630,진양화학,KOSPI,1,60.0,60,60,2575.0,2575.0,12.6280575,0.0
070960,모나용평,KOSPI,1,60.0,60,60,3405.0,3405.0,26.98969845,0.0
077970,엔진,KOSPI,1,60.0,60,60,36900.0,36900.0,304.959681,0.0
079980,휴비스,KOSPI,1,60.0,60,60,2650.0,2650.0,18.550901,0.0
091810,티웨이항공,KOSPI,1,60.0,60,60,1540.0,1540.0,36.5339128,0.0
104700,한국철강,KOSPI,1,60.0,60,60,10200.0,10200.0,56.67528,0.0
130730,단기자금,KOSPI,1,60.0,60,60,101475.0,101475.0,15.73572825,0.0
195870,해성디에스,KOSPI,1,60.0,60,60,65500.0,65500.0,304.442035,0.0
200250,인도Nifty50,KOSPI,1,60.0,60,60,25810.0,25810.0,16.1198936,0.0
204480,차이나CSI300레버리지,KOSPI,1,60.0,60,60,28115.0,28115.0,13.2320436,0.0
213500,한솔제지,KOSPI,1,60.0,60,60,8880.0,8880.0,13.9002192,0.0
251270,넷마블,KOSPI,1,60.0,60,60,54700.0,54700.0,690.612115,0.0
259960,크래프톤,KOSPI,1,60.0,60,60,246500.0,246500.0,513.037985,0.0
261060,코스닥150IT,KOSPI,1,60.0,60,60,24115.0,24115.0,61.0466402,0.0
300720,한일시멘트,KOSPI,1,60.0,60,60,17480.0,17480.0,28.3432956,0.0
302190,중장기국채,KOSPI,1,60.0,60,60,51070.0,51070.0,15.617206,0.0
302440,바이오사이언스,KOSPI,1,60.0,60,60,50400.0,50400.0,94.857336,0.0
326030,바이오팜,KOSPI,1,60.0,60,60,119800.0,119800.0,733.665982,0.0
385560,국고채30년Enhanced,KOSPI,1,60.0,60,60,66605.0,66605.0,50.51656225,0.0
400970,메타버스,KOSPI,1,60.0,60,60,8540.0,8540.0,10.5226464,0.0
412570,차전지TOP10레버리지,KOSPI,1,60.0,60,60,1993.0,1993.0,354.07309155,0.0
421320,우주항공,KOSPI,1,60.0,60,60,44825.0,44825.0,565.83359525,0.0
438330,우량회사채액티브,KOSPI,1,60.0,60,60,115710.0,115710.0,51.2259741,0.0
466810,차전지양극재,KOSPI,1,60.0,60,60,7685.0,7685.0,11.47808545,0.0
466930,자동차TOP3플러스,KOSPI,1,60.0,60,60,22590.0,22590.0,343.1983491,0.0
