symbol,name,market,price,low_60d,rebound_pct,rsi
065170,비엘팜텍,KOSDAQ,4060.0,419.0,868.9737470167065,43.30357142857143
221800,유투바이오,KOSDAQ,23350.0,3910.0,497.18670076726346,47.6713240186294
012200,계양전기,KOSPI,7110.0,1509.0,371.1729622266402,49.831271091113614
038500,삼표시멘트,KOSDAQ,17100.0,4470.0,282.5503355704698,53.42813610970036
006800,미래에셋증권,KOSPI,70900.0,20361.0,248.2147242276902,52.96042540137029
099320,쎄트렉아이,KOSDAQ,193200.0,56500.0,241.94690265486724,58.52417302798982
000250,삼천당제약,KOSDAQ,730000.0,217500.0,235.63218390804596,57.681940700808624
048410,현대바이오,KOSDAQ,15750.0,4855.0,224.40782698249228,44.71757322175732
323350,다원넥스뷰,KOSDAQ,15850.0,5020.0,215.73705179282868,45.917085427135675
488080,반도체TOP10레버리지,KOSPI,42490.0,13605.0,212.31165012862917,52.86125319693094
354320,알멕,KOSDAQ,60300.0,19590.0,207.81010719754977,47.695035460992905
040160,누리플렉스,KOSDAQ,10000.0,3330.0,200.30030030030028,58.97790055248619
494310,반도체레버리지,KOSPI,68495.0,23285.0,194.1593300407988,53.03892299892976
412350,레이저쎌,KOSDAQ,4950.0,1692.0,192.55319148936172,57.298277425203985
012860,모베이스전자,KOSDAQ,3940.0,1347.0,192.50185597624352,49.5
272210,한화시스템,KOSPI,140000.0,48950.0,186.0061287027579,59.74202308214528
290740,액트로,KOSDAQ,23200.0,8550.0,171.34502923976606,49.90583804143127
001510,증권,KOSPI,1727.0,643.0,168.5847589424572,51.66666666666666
319400,현대무벡스,KOSDAQ,29800.0,11290.0,163.95039858281666,54.27728613569322
448900,한국피아이엠,KOSDAQ,112500.0,43800.0,156.84931506849313,57.0989010989011
127120,제이에스링크,KOSDAQ,41100.0,16050.0,156.07476635514018,56.188925081433226
056090,시지메드텍,KOSDAQ,2835.0,1121.0,152.8991971454059,48.517940717628704
171090,선익시스템,KOSDAQ,113100.0,44800.0,152.45535714285717,45.96354166666667
006910,보성파워텍,KOSDAQ,12090.0,4915.0,145.98168870803661,48.72646733111849
452260,한화갤러리아,KOSPI,2615.0,1087.0,140.5703771849126,44.581280788177345
080220,제주반도체,KOSDAQ,43800.0,18330.0,138.95253682487726,48.40613931523022
229000,젠큐릭스,KOSDAQ,3470.0,1461.0,137.50855578370977,58.00792303338993
088130,동아엘텍,KOSDAQ,8660.0,3650.0,137.26027397260273,44.66588511137163
117670,알파칩스,KOSDAQ,19800.0,8410.0,135.43400713436387,57.464212678936605
420770,기가비스,KOSDAQ,70100.0,29950.0,134.0567612687813,55.848434925864915
003310,대주산업,KOSDAQ,3960.0,1693.0,133.90431187241583,47.484909456740446
000720,현대건설,KOSPI,159600.0,68700.0,132.31441048034935,58.857979502196194
243880,레버리지,KOSPI,178500.0,77214.0,131.17569352708057,46.69104271265371
077360,덕산하이메탈,KOSDAQ,13110.0,5730.0,128.79581151832463,49.83844911147011
226590,엠디바이스,KOSDAQ,27850.0,12200.0,128.27868852459017,50.76142131979695
006805,미래에셋증권우,KOSPI,23850.0,10516.0,126.79726131608975,49.691876750700274
348340,뉴로메카,KOSDAQ,66600.0,29700.0,124.24242424242422,42.792109256449166
196450,코아시아씨엠,KOSDAQ,1700.0,759.0,123.97891963109356,59.860627177700344
092870,엑시콘,KOSDAQ,31050.0,14050.0,120.9964412811388,50.25553662691653
289930,웨이비스,KOSDAQ,17780.0,8100.0,119.50617283950615,44.84181568088033
489790,한화비전,KOSPI,78600.0,35950.0,118.63699582753826,59.69802555168409
100790,미래에셋벤처투자,KOSDAQ,22700.0,10390.0,118.47930702598654,47.44744744744745
085910,네오티스,KOSDAQ,17150.0,7870.0,117.91613722998729,50.87483176312247
010820,퍼스텍,KOSPI,8000.0,3750.0,113.33333333333333,54.614412136536025
417010,나노팀,KOSDAQ,10470.0,4910.0,113.23828920570267,46.38346727898966
253590,네오셈,KOSDAQ,19670.0,9230.0,113.1094257854821,59.37866354044549
012210,삼미금속,KOSDAQ,16100.0,7580.0,112.40105540897099,40.654205607476634
240810,원익IPS,KOSDAQ,121100.0,57100.0,112.08406304728547,53.7344398340249
095910,에스에너지,KOSDAQ,1812.0,856.0,111.68224299065419,59.50892857142856
126340,비나텍,KOSDAQ,138500.0,66200.0,109.21450151057401,59.76653696498055
451760,컨텍,KOSDAQ,17730.0,8620.0,105.68445475638053,47.68764215314633
085620,미래에셋생명,KOSPI,17160.0,8400.0,104.28571428571428,52.97823596792668
024060,흥구석유,KOSDAQ,23550.0,11640.0,102.31958762886597,52.81643472498344
080580,오킨스전자,KOSDAQ,18970.0,9380.0,102.23880597014924,56.77331518039482
123320,레버리지,KOSPI,82115.0,40731.0,101.60320149272053,44.13291292747999
252400,선물레버리지,KOSPI,75325.0,37464.0,101.05968396327141,43.83792612887928
304780,선물레버리지,KOSPI,92040.0,45800.0,100.96069868995632,44.09250879839115
152500,레버리지,KOSPI,33450.0,16651.0,100.88883550537506,43.99999999999999
267770,선물레버리지,KOSPI,62745.0,31261.0,100.71334890118679,43.9271383988281
253250,선물레버리지,KOSPI,74295.0,37016.0,100.7105035660255,43.8968995933027
253150,선물레버리지,KOSPI,150790.0,75348.0,100.12475447258056,43.68011731126764
402340,스퀘어,KOSPI,562000.0,281000.0,100.0,48.20717131474104
417840,저스템,KOSDAQ,6810.0,3408.0,99.82394366197182,50.38461538461539
122630,레버리지,KOSPI,82055.0,41080.0,99.7444011684518,43.72612681436211
222080,씨아이에스,KOSDAQ,13170.0,6600.0,99.54545454545453,51.310043668122276
083650,비에이치아이,KOSDAQ,101500.0,51100.0,98.63013698630137,57.76836158192091
274090,켄코아에어로스페이스,KOSDAQ,21100.0,10680.0,97.56554307116106,45.71428571428572
005440,현대지에프홀딩스,KOSPI,15600.0,7910.0,97.21871049304679,50.0
306950,레버리지,KOSPI,61825.0,31360.0,97.14604591836735,44.26851609526302
265740,엔에프씨,KOSDAQ,8130.0,4125.0,97.0909090909091,51.25925925925926
469150,반도체TOP3,KOSPI,46325.0,23710.0,95.38169548713623,57.59312320916905
482630,삼양엔씨켐,KOSDAQ,18920.0,9710.0,94.8506694129763,43.002175489485126
474170,루미르,KOSDAQ,15690.0,8060.0,94.6650124069479,40.059642147117295
052690,한전기술,KOSPI,172400.0,89200.0,93.27354260089686,54.19906687402799
031860,디에이치엑스컴퍼니,KOSDAQ,512.0,265.0,93.20754716981132,53.366336633663366
272110,케이엔제이,KOSDAQ,38250.0,19800.0,93.18181818181819,59.5703125
015260,에이엔피,KOSPI,700.0,363.0,92.83746556473828,54.21455938697318
104200,벅스,KOSDAQ,5440.0,2830.0,92.22614840989398,40.650406504065046
076610,해성옵틱스,KOSDAQ,1075.0,561.0,91.62210338680927,48.3690587138863
488900,비츠로넥스텍,KOSDAQ,17590.0,9200.0,91.19565217391303,44.626474442988204
371950,풍원정밀,KOSDAQ,17200.0,9020.0,90.68736141906875,49.826130153999
001290,상상인증권,KOSPI,1196.0,630.0,89.84126984126983,52.592592592592595
361390,제노코,KOSDAQ,28050.0,14790.0,89.65517241379311,49.31506849315069
323280,태성,KOSDAQ,70700.0,37300.0,89.54423592493296,49.152542372881356
307870,비투엔,KOSDAQ,1174.0,620.0,89.35483870967742,48.67860187553282
396500,반도체TOP10,KOSPI,33110.0,17505.0,89.14595829762926,55.0550346514472
101490,에스앤에스텍,KOSDAQ,85200.0,45100.0,88.91352549889136,47.21780604133546
078600,대주전자재료,KOSDAQ,110700.0,59100.0,87.30964467005076,58.56410256410256
157500,증권,KOSPI,18580.0,9950.0,86.73366834170855,43.50594227504244
003160,디아이,KOSPI,35950.0,19340.0,85.88417786970011,51.21580547112462
424980,마이크로투나노,KOSDAQ,14000.0,7560.0,85.18518518518519,59.75715524718127
102970,증권,KOSPI,26920.0,14595.0,84.44672833162042,43.080486392588305
219550,디와이디,KOSDAQ,1508.0,819.0,84.12698412698411,47.01704545454545
000660,하이닉스,KOSPI,974000.0,530000.0,83.77358490566039,51.39732685297692
091230,반도체,KOSPI,104430.0,56844.0,83.71332066708888,55.19617494023344
388210,씨엠티엑스,KOSDAQ,139300.0,75900.0,83.53096179183134,46.066504460665044
091160,반도체,KOSPI,99470.0,54205.0,83.5070565445992,55.00176491351923
200710,에이디테크놀로지,KOSDAQ,48250.0,26350.0,83.11195445920303,54.79616306954437
471760,반도체핵심공정,KOSPI,19170.0,10545.0,81.79231863442389,59.67202141900937
395270,반도체,KOSPI,33895.0,18700.0,81.2566844919786,52.65078342992058
058610,에스피지,KOSDAQ,126800.0,70000.0,81.14285714285714,48.928238583410995
095610,테스,KOSDAQ,66100.0,36500.0,81.0958904109589,47.06896551724138
001820,삼화콘덴서,KOSPI,51300.0,28350.0,80.95238095238095,43.72246696035243
123010,알엔티엑스,KOSDAQ,1245.0,689.0,80.69666182873729,54.44049733570159
494220,하이닉스밸류체인액티브,KOSPI,33175.0,18390.0,80.39695486677543,53.6523396146517
033240,자화전자,KOSPI,40400.0,22400.0,80.35714285714286,50.0697350069735
042520,한스바이오메드,KOSDAQ,40100.0,22300.0,79.8206278026906,42.33038348082596
036540,반도체,KOSDAQ,7030.0,3920.0,79.33673469387755,49.341142020497806
047810,한국항공우주,KOSPI,191200.0,106700.0,79.19400187441425,56.81818181818182
005380,현대차,KOSPI,506000.0,282500.0,79.11504424778761,48.18763326226013
225190,삼양,KOSDAQ,2150.0,1202.0,78.86855241264558,46.88008681497558
074600,원익QnC,KOSDAQ,34850.0,19540.0,78.35209825997953,59.701492537313435
005930,삼성전자,KOSPI,183300.0,102800.0,78.30739299610896,47.47023809523809
152550,한국ANKOR유전,KOSPI,319.0,179.0,78.21229050279331,54.14258188824663
488210,반도체북미공급망,KOSPI,21120.0,11885.0,77.70298695835088,57.07213578500708
462350,이노스페이스,KOSDAQ,18300.0,10330.0,77.15392061955471,47.359154929577464
131970,두산테스나,KOSDAQ,72800.0,41100.0,77.12895377128955,57.904761904761905
098120,마이크로컨텍솔,KOSDAQ,28100.0,15910.0,76.61847894406033,48.026315789473685
009830,한화솔루션,KOSPI,46050.0,26100.0,76.4367816091954,43.40588988476312
047770,코데즈컴바인,KOSDAQ,4770.0,2705.0,76.34011090573011,47.24220623501199
463250,방산,KOSPI,48350.0,27465.0,76.04223557254687,59.577076310144044
012320,경동인베스트,KOSPI,89300.0,50900.0,75.44204322200392,47.49262536873157
064760,티씨케이,KOSDAQ,242500.0,138500.0,75.09025270758123,57.76081424936387
373200,엑스플러스,KOSDAQ,774.0,443.0,74.7178329571106,41.1849710982659
012205,계양전기우,KOSPI,5670.0,3255.0,74.19354838709677,47.33405875952122
059120,아진엑스텍,KOSDAQ,7420.0,4262.0,74.09666823087753,48.08652246256239
110990,디아이티,KOSDAQ,23500.0,13540.0,73.55982274741505,56.235294117647065
120110,코오롱인더,KOSPI,71200.0,41050.0,73.44701583434836,59.57854406130268
005935,삼성전자우,KOSPI,138300.0,79800.0,73.30827067669172,51.167728237791934
039030,이오테크닉스,KOSDAQ,410000.0,237000.0,72.9957805907173,56.68789808917197
382800,지앤비에스,KOSDAQ,4485.0,2600.0,72.50000000000001,58.33333333333333
250060,모비스,KOSDAQ,5010.0,2905.0,72.46127366609294,44.07713498622589
232680,라온로보틱스,KOSDAQ,15310.0,8900.0,72.02247191011236,47.72065955383123
475230,엔알비,KOSDAQ,22700.0,13210.0,71.83951551854655,41.56626506024096
046890,서울반도체,KOSDAQ,9990.0,5830.0,71.35506003430532,58.503836317135544
396300,세아메카닉스,KOSDAQ,3920.0,2295.0,70.80610021786494,47.211895910780676
053610,프로텍,KOSDAQ,55500.0,32500.0,70.76923076923076,47.783251231527096
357780,솔브레인,KOSDAQ,424000.0,248500.0,70.62374245472837,51.82186234817813
442580,글로벌HBM반도체,KOSPI,63005.0,37000.0,70.28378378378379,51.2577065351418
433500,원자력TOP10,KOSPI,68105.0,40040.0,70.0924075924076,54.66152999449642
219130,타이거일렉,KOSDAQ,33650.0,19800.0,69.94949494949493,50.9719222462203
084370,유진테크,KOSDAQ,121800.0,71800.0,69.63788300835654,47.28155339805825
395160,반도체,KOSPI,27140.0,16000.0,69.625,54.124096685771235
471990,반도체핵심장비,KOSPI,24885.0,14750.0,68.71186440677965,59.27950310559006
475300,반도체전공정,KOSPI,17775.0,10545.0,68.56330014224751,51.821530904625455
086390,유니테스트,KOSDAQ,19200.0,11400.0,68.42105263157893,50.66079295154185
474590,반도체밸류체인액티브,KOSPI,29020.0,17235.0,68.37829997098927,52.49169435215947
125020,티씨머티리얼즈,KOSDAQ,6040.0,3600.0,67.77777777777779,51.49384885764499
002230,피에스텍,KOSDAQ,10370.0,6200.0,67.25806451612904,41.51376146788991
011700,한신기계,KOSPI,5010.0,3000.0,67.0,45.20766773162939
393890,더블유씨피,KOSDAQ,10130.0,6070.0,66.88632619439869,54.20974889217135
252990,샘씨엔에스,KOSDAQ,10380.0,6260.0,65.81469648562299,44.390243902439025
086520,에코프로,KOSDAQ,145900.0,88000.0,65.79545454545455,40.90202177293935
277810,레인보우로보틱스,KOSDAQ,720000.0,434500.0,65.70771001150749,51.814223512336724
006340,대원전선,KOSPI,5800.0,3505.0,65.47788873038516,53.191489361702125
476260,반도체핵심공정주도주,KOSPI,12550.0,7585.0,65.45814106789716,52.836134453781504
117700,건설,KOSPI,6645.0,4020.0,65.29850746268657,54.44839857651245
490480,방산,KOSPI,39170.0,23700.0,65.27426160337552,59.41893158388004
017960,한국카본,KOSPI,45850.0,27750.0,65.22522522522523,59.39278937381404
432470,케이엔에스,KOSDAQ,14340.0,8700.0,64.82758620689654,49.46846208362863
389020,자람테크놀로지,KOSDAQ,55900.0,33950.0,64.65390279823269,51.639344262295076
010690,화신,KOSPI,12910.0,7850.0,64.45859872611466,49.080882352941174
009150,삼성전기,KOSPI,413000.0,251500.0,64.21471172962228,47.32673267326733
487750,온디바이스AI,KOSPI,21385.0,13040.0,63.99539877300613,51.02498398462524
092190,서울바이오시스,KOSDAQ,3990.0,2445.0,63.19018404907975,58.03996194100856
003000,부광약품,KOSPI,5940.0,3640.0,63.18681318681318,55.79268292682927
307950,현대오토에버,KOSPI,420000.0,257500.0,63.106796116504846,47.6780185758514
457190,이수스페셜티케미컬,KOSPI,89500.0,54900.0,63.02367941712204,46.187845303867405
455850,반도체소부장,KOSPI,25935.0,15915.0,62.959472196041474,58.154335719968174
001550,조비,KOSPI,17450.0,10730.0,62.628145386766064,58.76777251184834
222420,쎄노텍,KOSDAQ,1322.0,813.0,62.60762607626076,47.43589743589743
089970,브이엠,KOSDAQ,40000.0,24600.0,62.601626016260155,57.18120805369128
094820,일진파워,KOSDAQ,17900.0,11010.0,62.5794732061762,45.23424878836834
078020,증권,KOSDAQ,7690.0,4730.0,62.579281183932345,49.87593052109181
082270,젬백스,KOSDAQ,37550.0,23100.0,62.554112554112564,43.29774614472124
315960,대형고배당10TR,KOSPI,57320.0,35265.0,62.540762795973336,47.52623688155922
036810,에프에스티,KOSDAQ,42300.0,26031.0,62.498559409934316,51.30830489192264
292150,코리아TOP10,KOSPI,30120.0,18641.0,61.579314414462736,47.15384615384616
083640,인콘,KOSDAQ,394.0,244.0,61.475409836065566,48.50136239782017
446690,아시아AI반도체exChina액티브,KOSPI,43485.0,26964.0,61.27058299955497,55.968468468468465
486240,반도체,KOSPI,21710.0,13485.0,60.99369670003707,50.45175280086737
084870,글로벌,KOSPI,1930.0,1199.0,60.9674728940784,55.675332910589724
092070,디엔에프,KOSDAQ,20400.0,12700.0,60.629921259842526,47.56651524983777
261060,코스닥150IT,KOSPI,25320.0,15790.0,60.35465484483851,55.82693649685974
057050,현대홈쇼핑,KOSPI,83100.0,51900.0,60.11560693641618,49.01960784313726
139220,건설,KOSPI,7300.0,4565.0,59.91237677984667,51.24481327800829
353200,대덕전자,KOSPI,67000.0,42000.0,59.52380952380953,55.83756345177665
006110,삼아알미늄,KOSPI,36450.0,22900.0,59.170305676855904,59.08183632734531
147760,피엠티,KOSDAQ,3955.0,2485.0,59.1549295774648,44.1786283891547
037460,삼지전자,KOSDAQ,22300.0,14060.0,58.60597439544808,46.41460234680574
456160,지투지바이오,KOSDAQ,100200.0,63200.0,58.54430379746836,51.37614678899082
106240,파인테크닉스,KOSDAQ,1981.0,1251.0,58.3533173461231,57.070707070707066
052400,코나아이,KOSDAQ,66800.0,42350.0,57.73317591499409,46.437346437346434
449450,방산,KOSPI,75810.0,48075.0,57.69110764430576,56.234015345268546
101400,엔시트론,KOSDAQ,457.0,290.0,57.586206896551715,47.16494845360825
000880,한화,KOSPI,123700.0,78500.0,57.57961783439492,49.19908466819222
322510,제이엘케이,KOSDAQ,8760.0,5560.0,57.55395683453237,57.099236641221374
131030,옵투스제약,KOSDAQ,10410.0,6610.0,57.48865355521937,42.79379157427938
101330,모베이스,KOSDAQ,4940.0,3140.0,57.32484076433122,46.067415730337075
014910,성문전자,KOSPI,1716.0,1091.0,57.286892758936744,45.594179466451095
001430,세아베스틸지주,KOSPI,67300.0,42850.0,57.05950991831972,45.58011049723757
298020,효성티앤씨,KOSPI,333500.0,212500.0,56.94117647058823,40.95744680851064
367760,네트워크인프라,KOSPI,32880.0,21060.0,56.12535612535612,51.208886952733614
048530,인트론바이오,KOSDAQ,4550.0,2915.0,56.08919382504287,56.85240963855422
000390,삼화페인트,KOSPI,9260.0,5940.0,55.89225589225588,47.086247086247084
232140,와이씨,KOSDAQ,20700.0,13280.0,55.87349397590362,49.492213947190244
297570,알로이스,KOSDAQ,1381.0,886.0,55.86907449209932,52.98295454545455
039490,키움증권,KOSPI,430000.0,276500.0,55.51537070524412,42.44604316546763
010060,홀딩스,KOSPI,158100.0,101700.0,55.45722713864307,54.83071841453344
458870,씨어스테크놀로지,KOSDAQ,169400.0,109000.0,55.41284403669724,57.8544061302682
105840,우진,KOSPI,26500.0,17070.0,55.24311657879319,47.39229024943311
007810,코리아써키트,KOSPI,52600.0,33900.0,55.162241887905594,41.06280193236715
306530,코스닥150선물레버리지,KOSPI,16935.0,10935.0,54.86968449931413,45.562464669304696
227950,엔투텍,KOSDAQ,503.0,325.0,54.769230769230774,53.94265232974911
487130,인프라액티브,KOSPI,22470.0,14525.0,54.69879518072289,52.46025738077215
469790,테크TOP10,KOSPI,27600.0,17866.0,54.48337624538229,48.565411950513294
047050,포스코인터내셔널,KOSPI,73800.0,47850.0,54.2319749216301,50.63829787234043
094860,네오리진,KOSDAQ,1408.0,913.0,54.216867469879524,48.81305637982196
291630,코스닥150선물레버리지,KOSPI,8395.0,5445.0,54.178145087236,45.348837209302324
166090,하나머티리얼즈,KOSDAQ,62100.0,40300.0,54.09429280397022,53.6036036036036
170920,엘티씨,KOSDAQ,24500.0,15910.0,53.99120050282842,44.3054935238946
363250,진시스템,KOSDAQ,5420.0,3520.0,53.97727272727273,49.578651685393254
495550,코리아밸류업TR,KOSPI,25450.0,16550.0,53.776435045317214,47.607573149741825
388050,지투파워,KOSDAQ,11680.0,7600.0,53.68421052631578,50.17964071856287
019570,플루토스,KOSDAQ,381.0,248.0,53.62903225806453,40.11142061281337
003240,태광산업,KOSPI,1089000.0,709000.0,53.5966149506347,47.015535568274736
495750,코리아밸류업,KOSPI,24850.0,16183.0,53.556200951615885,47.95109054857898
496080,코리아밸류업,KOSPI,24860.0,16190.0,53.551575046324885,47.26968174204355
495850,코리아밸류업,KOSPI,24780.0,16151.0,53.427032381895856,47.1301247771836
496090,코리아밸류업,KOSPI,24810.0,16171.0,53.42279389029745,47.24818276220145
495050,코리아밸류업,KOSPI,24870.0,16211.0,53.41434828203071,47.160764435920264
495330,코리아밸류업,KOSPI,24710.0,16107.0,53.41156019122122,47.10884353741496
278240,코스닥150선물레버리지,KOSPI,18815.0,12267.0,53.37898426673189,45.19912044954801
495230,코리아밸류업액티브,KOSPI,25245.0,16470.0,53.278688524590166,47.31874431937356
143540,영우디에스피,KOSDAQ,1149.0,750.0,53.2,43.10897435897436
054220,비츠로시스,KOSDAQ,582.0,380.0,53.15789473684212,41.71855541718555
307180,아이엘,KOSDAQ,4295.0,2805.0,53.11942959001783,43.34778259419806
290130,사회책임투자,KOSPI,33380.0,21810.0,53.04906006419075,47.072072072072075
233740,코스닥150레버리지,KOSPI,16700.0,10915.0,53.00045808520384,45.158501440922194
495040,코리아밸류업,KOSPI,24580.0,16076.0,52.898731027618815,47.147604541678206
496120,코리아밸류업,KOSPI,25150.0,16458.0,52.81322153360068,47.46388982196842
217500,러셀,KOSDAQ,2865.0,1876.0,52.71855010660982,40.625
015750,성우하이텍,KOSDAQ,9850.0,6450.0,52.71317829457365,56.243756243756245
495060,코리아밸류업액티브,KOSPI,22920.0,15015.0,52.647352647352655,46.72929714683368
168360,펨트론,KOSDAQ,23000.0,15090.0,52.418820410868115,52.1150592216582
101160,월덱스,KOSDAQ,32200.0,21150.0,52.24586288416076,59.3984962406015
122090,코스피50,KOSPI,60450.0,39763.0,52.02575258406057,46.87043189368771
005850,에스엘,KOSPI,63300.0,41650.0,51.98079231692676,51.417004048583
189860,서전기전,KOSDAQ,4700.0,3095.0,51.857835218093705,45.42056074766355
160980,싸이맥스,KOSDAQ,21250.0,14000.0,51.78571428571428,52.31338679827267
457990,태양광,KOSPI,31700.0,20890.0,51.74724748683581,50.26420079260238
278470,에이피알,KOSPI,328500.0,216500.0,51.73210161662818,58.46994535519126
214430,아이쓰리시스템,KOSDAQ,103500.0,68300.0,51.53733528550512,43.26241134751773
078160,메디포스트,KOSDAQ,21950.0,14490.0,51.48378191856453,50.46728971962617
397030,에이프릴바이오,KOSDAQ,65700.0,43400.0,51.382488479262676,43.37568058076225
233160,코스닥150,KOSPI,18455.0,12215.0,51.08473188702416,44.981036662452595
004170,신세계,KOSPI,349000.0,231000.0,51.082251082251084,47.790055248618785
011500,한농화성,KOSPI,21750.0,14410.0,50.936849410131856,45.38461538461539
065450,빅텍,KOSDAQ,5290.0,3505.0,50.92724679029956,58.10955961331902
336260,두산퓨얼셀,KOSPI,42850.0,28400.0,50.88028169014085,59.88286969253294
200470,에이팩트,KOSDAQ,7840.0,5200.0,50.76923076923077,45.22003034901366
275300,우량주,KOSPI,22000.0,14595.0,50.73655361425145,47.85100286532951
211270,위성,KOSDAQ,16800.0,11170.0,50.40286481647269,47.747747747747745
439260,대한조선,KOSPI,97100.0,64600.0,50.30959752321982,57.39130434782609
290660,네오펙트,KOSDAQ,998.0,664.0,50.30120481927711,59.41123996431757
475830,오름테라퓨틱,KOSDAQ,131100.0,87300.0,50.171821305841924,50.158478605388275
153270,코스피100,KOSPI,63550.0,42417.0,49.822005328052434,46.83891619983994
289250,유니버설,KOSPI,24795.0,16555.0,49.773482331621864,46.35826771653544
194480,데브시스터즈,KOSDAQ,42950.0,28700.0,49.65156794425087,54.09836065573771
237350,코스피100,KOSPI,66000.0,44105.0,49.642897630654126,46.64206642066421
039860,나노엔텍,KOSDAQ,6180.0,4135.0,49.4558645707376,52.2653721682848
140950,파워,KOSPI,64505.0,43185.0,49.368993863610044,45.98597038191738
159800,마이티,KOSPI,65600.0,43925.0,49.34547524188959,46.68283808368708
104830,원익머트리얼즈,KOSDAQ,44050.0,29500.0,49.322033898305094,50.236220472440934
230360,에코마케팅,KOSDAQ,15900.0,10670.0,49.01593252108716,48.38709677419355
418420,라온텍,KOSDAQ,6230.0,4185.0,48.86499402628435,45.13274336283186
066360,체리부로,KOSDAQ,1101.0,740.0,48.78378378378378,42.45689655172413
013520,화승코퍼레이션,KOSPI,2990.0,2010.0,48.756218905472636,57.83132530120482
004100,태양금속,KOSPI,3070.0,2065.0,48.6682808716707,50.20242914979757
009155,삼성전기우,KOSPI,172400.0,116000.0,48.62068965517241,48.72637633525061
106190,하이텍팜,KOSDAQ,16150.0,10870.0,48.57405703771849,45.486111111111114
354200,엔젠바이오,KOSDAQ,2060.0,1387.0,48.52198990627252,56.432432432432435
052710,아모텍,KOSDAQ,12890.0,8680.0,48.50230414746544,40.206185567010316
442260,마이티,KOSPI,29180.0,19650.0,48.49872773536896,47.22844344904816
089980,상아프론테크,KOSDAQ,22000.0,14820.0,48.44804318488529,50.60144346431436
289040,유니버설,KOSPI,24315.0,16395.0,48.307410795974384,45.876288659793815
272290,이녹스첨단소재,KOSDAQ,32600.0,22000.0,48.181818181818194,44.05010438413361
385720,코스피액티브,KOSPI,20660.0,13950.0,48.100358422939074,48.99536321483771
398120,에스지헬스케어,KOSDAQ,4130.0,2790.0,48.02867383512546,48.33068362480127
471780,코리아테크액티브,KOSPI,24425.0,16540.0,47.672309552599756,52.36275191104933
494890,액티브,KOSPI,24015.0,16269.0,47.612022865572555,46.00560616678346
275290,가치주,KOSPI,24665.0,16710.0,47.606223818073005,45.67699836867863
039560,다산네트웍스,KOSDAQ,4480.0,3040.0,47.36842105263157,55.16014234875445
451060,액티브,KOSPI,26795.0,18184.0,47.35481742190937,45.789971617786186
217730,강스템바이오텍,KOSDAQ,2475.0,1680.0,47.321428571428584,56.138022561380225
041020,폴라리스오피스,KOSDAQ,4890.0,3320.0,47.289156626506035,55.50595238095239
152870,파워,KOSPI,83955.0,57010.0,47.26363795825294,45.894442781602315
072950,빛샘전자,KOSDAQ,7670.0,5210.0,47.216890595009595,58.51602023608769
441800,플러스배당액티브,KOSPI,27095.0,18412.0,47.15946122094286,42.4295889694831
476060,온코닉테라퓨틱스,KOSDAQ,24350.0,16560.0,47.04106280193236,58.01142089351696
325010,성장주,KOSPI,33325.0,22700.0,46.80616740088106,48.408751864743905
036830,솔브레인홀딩스,KOSDAQ,54500.0,37150.0,46.70255720053835,52.69230769230769
103590,일진전기,KOSPI,77000.0,52600.0,46.38783269961977,44.444444444444436
010780,아이에스동서,KOSPI,31750.0,21700.0,46.31336405529953,51.671732522796354
215790,이노인스트루먼트,KOSDAQ,380.0,260.0,46.153846153846146,48.018648018648015
011930,신성이엔지,KOSPI,2240.0,1533.0,46.11872146118721,53.258036490008685
006400,삼성SDI,KOSPI,383000.0,262500.0,45.90476190476191,48.608837970540094
450190,한중반도체,KOSPI,37035.0,25385.0,45.893244041756944,51.873278236914594
005880,대한해운,KOSPI,2515.0,1725.0,45.79710144927536,55.53145336225597
096350,대창솔루션,KOSDAQ,2695.0,1849.0,45.754461871281784,47.76341948310139
376410,탄소효율그린뉴딜,KOSPI,19505.0,13385.0,45.722824056779984,46.49956784788245
389260,대명에너지,KOSDAQ,20400.0,14000.0,45.71428571428571,52.00458190148912
449690,한중반도체,KOSPI,36635.0,25150.0,45.66600397614313,51.7454954954955
000150,두산,KOSPI,1088000.0,747000.0,45.64926372155287,48.17987152034261
375770,탄소효율그린뉴딜,KOSPI,19760.0,13575.0,45.56169429097605,46.66099532113994
040910,아이씨디,KOSDAQ,5500.0,3780.0,45.502645502645514,59.34256055363322
375760,탄소효율그린뉴딜,KOSPI,19440.0,13372.0,45.37840263236615,46.48197009674582
039200,오스코텍,KOSDAQ,59300.0,40850.0,45.16523867809057,56.67574931880108
275280,모멘텀주,KOSPI,32555.0,22440.0,45.07575757575757,46.95544554455446
475400,씨메스,KOSDAQ,39750.0,27400.0,45.07299270072993,56.39943741209564
367740,산업,KOSPI,29275.0,20180.0,45.069375619425166,51.84667039731393
145850,펀더멘탈,KOSPI,88085.0,60892.0,44.65775471326283,43.74937040394883
017670,텔레콤,KOSPI,76300.0,52800.0,44.50757575757576,43.70860927152317
337140,코스피대형주,KOSPI,28750.0,19930.0,44.2548921224285,46.35004397537379
388420,비메모리반도체액티브,KOSPI,21345.0,14800.0,44.222972972972975,49.212447176335
001200,유진투자증권,KOSPI,4895.0,3395.0,44.18262150220913,41.6798732171157
326240,플러스,KOSPI,33270.0,23080.0,44.15077989601386,48.44240521613137
444200,코리아메가테크액티브,KOSPI,43320.0,30085.0,43.992022602625894,49.754430920350195
472150,배당커버드콜액티브,KOSPI,17490.0,12148.0,43.97431675996049,47.3971406744516
277640,코스피대형주,KOSPI,29645.0,20600.0,43.907766990291265,46.11579866162351
034020,두산에너빌리티,KOSPI,105700.0,73600.0,43.614130434782616,52.859350850077284
210120,캔버스엔,KOSDAQ,1640.0,1142.0,43.6077057793345,53.459119496855344
432720,퀄리타스반도체,KOSDAQ,14630.0,10190.0,43.572129538763505,57.75100401606426
413930,액티브,KOSPI,21805.0,15195.0,43.5011516946364,46.19442351168048
434730,원자력iSelect,KOSPI,67085.0,46750.0,43.497326203208566,46.803423105965265
078350,한양디지텍,KOSDAQ,26300.0,18330.0,43.48063284233496,47.821629933367504
021820,세원정공,KOSPI,16260.0,11350.0,43.25991189427312,54.44897959183674
298040,효성중공업,KOSPI,2517000.0,1757000.0,43.25554923164485,41.59881569207994
476850,배당성장액티브,KOSPI,18340.0,12806.0,43.21411838200844,45.94594594594595
466930,자동차TOP3플러스,KOSPI,20920.0,14620.0,43.09165526675787,45.81724581724581
364690,혁신기술테마액티브,KOSPI,30740.0,21485.0,43.07656504538049,47.15255237533196
112610,씨에스윈드,KOSPI,56000.0,39200.0,42.85714285714286,59.66057441253264
457550,우진엔텍,KOSDAQ,28850.0,20200.0,42.821782178217816,43.41801385681293
266160,고배당,KOSPI,28400.0,19890.0,42.785319255907496,42.365798778527804
001120,인터내셔널,KOSPI,45450.0,31850.0,42.70015698587126,44.81132075471698
321550,티움바이오,KOSDAQ,7420.0,5200.0,42.69230769230769,58.49056603773585
298770,한국대만IT프리미어,KOSPI,55075.0,38605.0,42.66286750420929,49.9371746544606
377990,신재생에너지,KOSPI,24635.0,17280.0,42.56365740740742,50.28753993610224
088800,에이스테크,KOSDAQ,3420.0,2400.0,42.50000000000001,58.264462809917354
404120,신재생에너지액티브,KOSPI,23565.0,16555.0,42.343702808819096,46.26916524701874
091580,상신이디피,KOSDAQ,16140.0,11340.0,42.32804232804233,47.92490118577075
367770,수소경제테마,KOSPI,24600.0,17300.0,42.19653179190752,49.04243334585055
046940,우원개발,KOSDAQ,4640.0,3265.0,42.11332312404288,44.4954128440367
457930,미래전략기술액티브,KOSPI,27005.0,19010.0,42.05681220410311,49.51908160099286
381570,친환경에너지,KOSPI,11120.0,7835.0,41.92724952137843,50.60790273556231
389500,에스비비테크,KOSDAQ,49500.0,34900.0,41.83381088825215,43.95711500974659
395170,동일가중,KOSPI,15000.0,10578.0,41.80374361883155,49.07651715039577
138540,현대차그룹플러스,KOSPI,58435.0,41245.0,41.6777791247424,46.452758965249245
385510,신재생에너지액티브,KOSPI,40405.0,28570.0,41.424571228561426,52.183071620068944
005290,동진쎄미켐,KOSDAQ,50100.0,35450.0,41.32581100141044,46.721311475409834
281740,레이크머티리얼즈,KOSDAQ,19500.0,13800.0,41.30434782608696,43.98826979472141
337120,멀티팩터,KOSPI,27560.0,19545.0,41.00793041698645,44.91180461329715
101680,한국정밀기계,KOSDAQ,2900.0,2060.0,40.77669902912622,51.98938992042441
006405,삼성SDI우,KOSPI,219000.0,155700.0,40.655105973025044,53.00668151447661
464080,에스오에스랩,KOSDAQ,15350.0,10920.0,40.567765567765555,41.4027149321267
001230,동국홀딩스,KOSPI,9680.0,6890.0,40.49346879535558,51.012145748987855
010660,화천기계,KOSPI,5830.0,4150.0,40.48192771084338,44.15584415584416
004410,서울식품,KOSPI,198.0,141.0,40.42553191489362,45.87458745874588
078890,가온그룹,KOSDAQ,6730.0,4795.0,40.354535974973935,56.23836126629423
494330,라이프자산주주가치액티브,KOSPI,21170.0,15104.0,40.16154661016949,44.250425894378196
010130,고려아연,KOSPI,1600000.0,1142000.0,40.10507880910683,45.33029612756264
213420,덕산네오룩스,KOSDAQ,47600.0,34000.0,39.99999999999999,56.22837370242215
067310,하나마이크론,KOSDAQ,32050.0,22900.0,39.95633187772927,46.774193548387096
277630,코스피,KOSPI,57920.0,41401.0,39.90000241540059,45.62149036272576
001750,한양증권,KOSPI,25800.0,18450.0,39.837398373983746,44.69453376205788
032830,삼성생명,KOSPI,212000.0,151700.0,39.749505603164145,43.28859060402685
302450,코스피,KOSPI,57750.0,41338.0,39.70196913251729,45.21885008387982
001755,한양증권우,KOSPI,25550.0,18290.0,39.69382176052487,57.522123893805315
498400,타겟위클리커버드콜,KOSPI,17270.0,12365.0,39.66841892438333,45.7493080268881
359210,코스피TR,KOSPI,28630.0,20500.0,39.658536585365844,45.526475958612295
305050,코스피,KOSPI,58045.0,41585.0,39.58157989659734,45.5677216139193
098070,한텍,KOSDAQ,42150.0,30200.0,39.569536423841065,58.695652173913054
226490,코스피,KOSPI,57260.0,41040.0,39.522417153996095,45.64157269125267
309710,아이티켐,KOSDAQ,36200.0,25950.0,39.4990366088632,55.841121495327094
069460,대호에이엘,KOSPI,721.0,517.0,39.45841392649903,56.94164989939638
070300,엑스큐어,KOSDAQ,1747.0,1253.0,39.425379090183554,49.42324755989352
227830,코스피,KOSPI,57525.0,41272.0,39.3802093428959,45.907738095238095
394280,오픈엣지테크놀로지,KOSDAQ,15360.0,11030.0,39.25657298277425,47.591836734693885
236200,슈프리마,KOSDAQ,48600.0,34900.0,39.255014326647576,51.344743276283616
137080,나래나노텍,KOSDAQ,4585.0,3295.0,39.150227617602425,52.010723860589806
328370,코스피TR,KOSPI,30880.0,22195.0,39.13043478260869,44.971650253655625
403790,마이다스,KOSPI,46485.0,33412.0,39.126661079851544,45.092265410286615
365040,코리아그로스액티브,KOSPI,28100.0,20210.0,39.04007916872836,45.46894803548796
227550,산업재,KOSPI,13930.0,10020.0,39.02195608782435,54.1991341991342
373490,코리아혁신성장액티브,KOSPI,23960.0,17245.0,38.93882284720209,47.47162022703819
465770,그린로지스,KOSPI,7780.0,5600.0,38.92857142857142,57.274119448698315
102940,코오롱생명과학,KOSDAQ,62500.0,45000.0,38.888888888888886,51.78571428571429
423170,한국형글로벌반도체액티브,KOSPI,40840.0,29455.0,38.652181293498565,50.95381526104418
385590,액티브,KOSPI,17505.0,12630.0,38.598574821852736,44.362017804154306
391670,베스트일레븐액티브,KOSPI,20890.0,15080.0,38.527851458885934,43.85733157199472
091970,나노캠텍,KOSDAQ,664.0,480.0,38.33333333333333,56.88976377952756
491820,전력설비투자,KOSPI,37430.0,27060.0,38.32224685883223,43.918443871572535
214180,헥토이노베이션,KOSDAQ,21050.0,15220.0,38.30486202365309,44.87704918032787
451220,아이엠티,KOSDAQ,12250.0,8860.0,38.261851015801355,47.11830131445905
487240,전력핵심설비,KOSPI,30915.0,22390.0,38.07503349709691,43.57446808510638
404540,기후변화솔루션,KOSPI,21350.0,15474.0,37.97337469303348,45.45782263878875
060720,바텍,KOSDAQ,14860.0,10780.0,37.84786641929499,44.863013698630134
085660,차바이오텍,KOSDAQ,19020.0,13800.0,37.82608695652174,41.349883630721486
105780,대그룹주,KOSPI,12590.0,9140.0,37.74617067833699,44.62915601023018
448570,코리아액티브,KOSPI,25755.0,18730.0,37.50667378537107,43.80563798219585
067000,조이시티,KOSDAQ,2585.0,1880.0,37.5,42.05816554809843
004090,한국석유,KOSPI,18940.0,13790.0,37.345902828136325,49.810844892812106
000990,하이텍,KOSPI,87900.0,64000.0,37.34375000000001,46.070878274268104
097230,중공업,KOSPI,26550.0,19340.0,37.28024819027922,52.799057159693575
395760,성장주액티브,KOSPI,17735.0,12920.0,37.267801857585134,47.39027283511269
003470,유안타증권,KOSPI,5010.0,3650.0,37.26027397260274,43.280632411067195
141080,리가켐바이오,KOSDAQ,201000.0,146500.0,37.20136518771331,58.540630182421225
404260,기후변화솔루션,KOSPI,21080.0,15365.0,37.19492352749756,44.83859524654133
441270,파인엠텍,KOSDAQ,10850.0,7910.0,37.16814159292034,51.79487179487179
081580,성우전자,KOSDAQ,2990.0,2180.0,37.155963302752305,52.694610778443106
009835,한화솔루션우,KOSPI,27400.0,20000.0,37.000000000000014,44.71153846153846
003460,유화증권,KOSPI,3650.0,2665.0,36.96060037523452,52.31481481481482
023160,태광,KOSDAQ,28650.0,20950.0,36.754176610978526,46.02803738317757
351320,넥사다이내믹스,KOSDAQ,1180.0,863.0,36.732329084588656,51.16279069767442
404650,기후변화솔루션,KOSPI,20965.0,15333.0,36.731233287680176,45.095986038394415
453450,그리드위즈,KOSDAQ,18640.0,13640.0,36.656891495601165,50.11636927851047
221840,하이즈항공,KOSDAQ,2760.0,2020.0,36.63366336633664,41.25000000000001
066310,큐에스아이,KOSDAQ,9780.0,7160.0,36.592178770949715,57.48502994011976
223190,가치저변동,KOSPI,23555.0,17250.0,36.550724637681164,42.1812349639134
261140,우선주,KOSPI,24030.0,17600.0,36.5340909090909,46.629834254143645
005945,투자증권우,KOSPI,26150.0,19170.0,36.41105894627022,44.31372549019608
183300,코미코,KOSDAQ,111500.0,81900.0,36.14163614163615,51.27610208816705
138520,삼성그룹,KOSPI,24610.0,18080.0,36.11725663716814,42.56581386725992
082640,동양생명,KOSPI,8340.0,6130.0,36.05220228384991,57.407407407407405
004440,삼일씨엔에스,KOSPI,6270.0,4610.0,36.00867678958786,58.13148788927335
217190,제너셈,KOSDAQ,6160.0,4530.0,35.982339955849895,52.653927813163484
399720,가온칩스,KOSDAQ,61600.0,45300.0,35.982339955849895,43.35378323108384
030210,다올투자증권,KOSPI,4595.0,3385.0,35.74593796159527,48.041237113402055
102710,이엔에프테크놀로지,KOSDAQ,58500.0,43100.0,35.730858468677496,49.877149877149876
008060,대덕,KOSPI,12960.0,9550.0,35.70680628272251,56.60919540229885
147970,모멘텀,KOSPI,67025.0,49495.0,35.41771896151127,45.81214878244581
031330,에스에이엠티,KOSDAQ,4955.0,3660.0,35.382513661202175,47.28789986091794
448710,코츠테크놀로지,KOSDAQ,21300.0,15750.0,35.23809523809525,56.55677655677656
000270,기아,KOSPI,162000.0,119800.0,35.2253756260434,45.72342126298961
100120,뷰웍스,KOSDAQ,26050.0,19280.0,35.11410788381744,48.034934497816586
395750,가치주액티브,KOSPI,16375.0,12120.0,35.107260726072596,44.5877734155917
108450,삼성그룹섹터가중,KOSPI,30055.0,22275.0,34.927048260381596,43.53352399110263
112290,와이씨켐,KOSDAQ,26850.0,19900.0,34.92462311557789,54.0084388185654
237690,에스티팜,KOSDAQ,155100.0,115000.0,34.869565217391305,52.35294117647059
045100,한양이엔지,KOSDAQ,28300.0,21000.0,34.76190476190477,47.89719626168224
054800,아이디스홀딩스,KOSDAQ,15350.0,11400.0,34.64912280701755,51.37614678899082
425040,티이엠씨,KOSDAQ,9710.0,7220.0,34.48753462603877,51.00775193798449
454320,설비투자iSelect,KOSPI,42475.0,31590.0,34.45710667932891,46.46581691772885
028670,팬오션,KOSPI,5100.0,3795.0,34.387351778656125,48.157248157248155
469160,일본반도체,KOSPI,21280.0,15837.0,34.368882995516834,46.01366742596811
368600,아이씨에이치,KOSDAQ,845.0,629.0,34.3402225755167,45.826771653543304
446770,글로벌반도체TOP4,KOSPI,58535.0,43577.0,34.32544691006725,48.97553212651681
306620,지아이에스,KOSDAQ,2880.0,2145.0,34.265734265734274,44.08060453400503
496130,코리아밸류업액티브,KOSPI,20710.0,15438.0,34.14950123072937,43.66037735849057
086060,진바이오텍,KOSDAQ,5230.0,3900.0,34.102564102564095,52.04081632653062
254490,미래반도체,KOSDAQ,19160.0,14300.0,33.986013986013994,52.681039248203426
465660,일본반도체FACTSET,KOSPI,21080.0,15745.0,33.883772626230545,44.03215831787261
102780,삼성그룹,KOSPI,18020.0,13465.0,33.82844411437058,43.35802469135802
385710,이노베이션액티브,KOSPI,12875.0,9645.0,33.488854328667706,49.82864976010966
428510,차이나AI테크액티브,KOSPI,21000.0,15755.0,33.29101872421454,57.275021026072324
001275,부국증권우,KOSPI,37100.0,27850.0,33.21364452423698,54.054054054054056
297090,씨에스베어링,KOSDAQ,7400.0,5560.0,33.09352517985611,56.85071574642127
140670,알에스오토메이션,KOSDAQ,18360.0,13800.0,33.04347826086958,42.465753424657535
117580,대성에너지,KOSPI,10380.0,7810.0,32.906530089628674,56.16724738675958
183710,주식혼합,KOSPI,74840.0,56340.0,32.83635072772453,46.07061503416856
101170,우림피티에스,KOSDAQ,13650.0,10280.0,32.78210116731517,41.63126593033135
031820,아이티센씨티에스,KOSPI,759.0,572.0,32.692307692307686,42.1875
289260,리더스,KOSPI,20360.0,15345.0,32.681655262300424,44.08825978351374
445290,로봇액티브,KOSPI,32425.0,24460.0,32.56336876533115,44.58815520762424
415920,글로벌희토류,KOSPI,9255.0,6985.0,32.49821045096635,59.09090909090909
265560,영화테크,KOSDAQ,8400.0,6340.0,32.49211356466877,44.783715012722645
228340,동양파일,KOSDAQ,2290.0,1729.0,32.446500867553496,57.03125
234310,셀렉트밸류,KOSPI,25665.0,19405.0,32.25972687451688,42.25621414913958
247540,에코프로비엠,KOSDAQ,187400.0,141700.0,32.25123500352858,40.89035449299258
094940,푸른기술,KOSDAQ,10130.0,7660.0,32.24543080939948,45.9915611814346
237750,피앤씨테크,KOSDAQ,4840.0,3660.0,32.24043715846994,48.70317002881844
452430,사피엔반도체,KOSDAQ,36000.0,27250.0,32.11009174311927,53.77176015473888
029460,케이씨,KOSPI,31500.0,23850.0,32.0754716981132,47.40932642487047
244620,모멘텀Plus,KOSPI,19235.0,14567.0,32.04503329443262,47.83464566929134
090850,현대이지웰,KOSDAQ,6490.0,4915.0,32.04476093591049,47.706422018348626
388720,유일로보틱스,KOSDAQ,104500.0,79200.0,31.944444444444443,43.96551724137931
331740,아우토크립트,KOSDAQ,19170.0,14560.0,31.662087912087912,52.33589591957421
482030,반도체,KOSPI,11710.0,8900.0,31.57303370786517,46.836313617606606
280920,주도업종,KOSPI,21035.0,15990.0,31.550969355847403,42.36691597008359
213610,삼성그룹밸류,KOSPI,16640.0,12655.0,31.489529830106665,42.10227272727273
288330,파라택시스코리아,KOSDAQ,869.0,661.0,31.467473524962173,58.81481481481482
126720,수산인더스트리,KOSPI,27400.0,20850.0,31.41486810551559,45.13274336283185
347770,핌스,KOSDAQ,1187.0,904.0,31.305309734513266,57.367668097281836
005385,현대차우,KOSPI,262000.0,199900.0,31.065532766383196,44.30051813471503
206650,유바이오로직스,KOSDAQ,14480.0,11060.0,30.922242314647374,51.84331797235024
053050,지에스이,KOSDAQ,2945.0,2250.0,30.8888888888889,54.82093663911846
109080,옵티시스,KOSDAQ,10390.0,7940.0,30.856423173803528,59.05096660808436
222800,심텍,KOSDAQ,56000.0,42800.0,30.841121495327094,55.41176470588235
457600,벡트,KOSDAQ,2285.0,1747.0,30.79564968517459,55.30035335689046
232080,코스닥150,KOSPI,20070.0,15350.0,30.749185667752442,48.560641812175554
270810,코스닥150,KOSPI,19535.0,14955.0,30.625208960213968,48.565872630043756
304770,코스닥150,KOSPI,19605.0,15010.0,30.61292471685544,48.2421875
024840,메탈,KOSDAQ,2180.0,1670.0,30.53892215568863,45.65846599131693
229200,코스닥150,KOSPI,19640.0,15050.0,30.498338870431894,48.46190250828206
140580,우량업종대표주,KOSPI,23085.0,17695.0,30.460582085334842,40.807371654234316
038540,상상인,KOSDAQ,2210.0,1694.0,30.460448642266826,56.77966101694915
301400,코스닥150,KOSPI,19825.0,15200.0,30.427631578947366,48.282442748091604
450910,코스닥150,KOSPI,19210.0,14730.0,30.414120841819425,48.10810810810811
281820,케이씨텍,KOSPI,46100.0,35350.0,30.410183875530407,47.432432432432435
137400,피엔티,KOSDAQ,46550.0,35700.0,30.3921568627451,41.65341812400636
051370,인터플렉스,KOSDAQ,12620.0,9680.0,30.371900826446275,51.94986072423398
385520,자율주행액티브,KOSPI,14275.0,10950.0,30.365296803652964,45.88969823100937
007820,에스엠코어,KOSDAQ,5410.0,4150.0,30.361445783132535,45.49689440993788
014680,한솔케미칼,KOSPI,284000.0,218000.0,30.27522935779816,45.01347708894879
462510,라메디텍,KOSDAQ,5340.0,4100.0,30.243902439024396,51.9809825673534
354500,코스닥150,KOSPI,19795.0,15200.0,30.230263157894743,48.327678138633054
093190,빅솔론,KOSDAQ,7650.0,5880.0,30.102040816326525,47.33542319749216
316670,코스닥150,KOSPI,9790.0,7525.0,30.09966777408637,48.15175097276265
325020,배당가치,KOSPI,24925.0,19160.0,30.08872651356993,40.632506004803844
335870,윙스풋,KOSDAQ,2085.0,1603.0,30.06862133499688,50.645994832041346
019180,티에이치엔,KOSPI,8450.0,6500.0,30.000000000000004,54.973821989528794
092790,넥스틸,KOSPI,11830.0,9100.0,30.000000000000004,47.802197802197796
304100,솔트룩스,KOSDAQ,25250.0,19430.0,29.953679876479676,44.69375379017586
382900,범한퓨얼셀,KOSDAQ,31700.0,24400.0,29.918032786885252,51.286764705882355
483320,엔비디아밸류체인액티브,KOSPI,17685.0,13629.0,29.760070438036546,51.71835708298407
491010,글로벌AI전력인프라액티브,KOSPI,23290.0,17950.0,29.749303621169922,53.25842696629213
110020,전진바이오팜,KOSDAQ,2325.0,1792.0,29.74330357142858,53.13653136531366
054210,이랜텍,KOSDAQ,10040.0,7740.0,29.715762273901802,46.0
255440,야스,KOSDAQ,11580.0,8930.0,29.675251959686456,50.24630541871921
009900,명신산업,KOSPI,10800.0,8330.0,29.651860744297707,57.40149094781683
229640,에코에너지,KOSPI,44600.0,34400.0,29.651162790697683,48.92915980230642
464920,일본반도체소부장,KOSPI,22295.0,17210.0,29.546775130737934,46.709816612729234
387280,퓨처모빌리티액티브,KOSPI,11600.0,8955.0,29.53657174762703,47.22222222222223
005387,현대차2우B,KOSPI,263500.0,203500.0,29.484029484029485,44.32717678100264
417630,혁신기업ESG30,KOSPI,17545.0,13555.0,29.43563260789377,44.77699530516431
000725,현대건설우,KOSPI,70800.0,54700.0,29.43327239488116,48.960302457466916
279540,최소변동성,KOSPI,19115.0,14785.0,29.286438958403792,43.77013963480128
077970,엔진,KOSPI,33700.0,26100.0,29.118773946360154,45.45454545454546
189330,씨이랩,KOSDAQ,4485.0,3475.0,29.06474820143885,50.537634408602145
433250,액티브,KOSPI,21645.0,16775.0,29.031296572280183,48.00598205383849
423920,미국필라델피아반도체레버리지,KOSPI,49355.0,38285.0,28.914718558182063,45.58095687013905
442090,에셋플러스,KOSPI,24245.0,18825.0,28.791500664010616,48.88045540796964
429270,시지트로닉스,KOSDAQ,4385.0,3405.0,28.781204111600587,54.36893203883495
072470,우리산업홀딩스,KOSDAQ,3905.0,3040.0,28.453947368421062,53.77049180327869
178920,첨단소재,KOSPI,19160.0,14920.0,28.418230563002677,47.08603145235893
476000,포스트IPO액티브,KOSPI,13275.0,10345.0,28.322861285645228,56.50557620817843
079370,제우스,KOSDAQ,17020.0,13270.0,28.25923134890731,49.438202247191015
470310,생성형AI강소기업액티브,KOSPI,14165.0,11045.0,28.24807605251245,52.149532710280376
381560,전기,KOSPI,12715.0,9920.0,28.17540322580645,45.022883295194504
091180,자동차,KOSPI,30850.0,24075.0,28.14122533748702,43.49621472814866
238120,얼라인드,KOSDAQ,4535.0,3540.0,28.10734463276836,51.311288483466356
219750,한국비티비,KOSDAQ,873.0,683.0,27.818448023426058,59.94623655913979
383930,디티앤씨알오,KOSDAQ,2965.0,2320.0,27.80172413793103,44.90566037735849
049520,유아이엘,KOSDAQ,4025.0,3150.0,27.777777777777768,47.32824427480916
016740,두올,KOSPI,4660.0,3650.0,27.671232876712338,42.537313432835816
095270,웨이브일렉트로,KOSDAQ,5480.0,4295.0,27.590221187427243,57.096424702058506
271940,일진하이솔루스,KOSPI,16880.0,13230.0,27.588813303099013,57.295597484276726
108860,셀바스AI,KOSDAQ,11900.0,9330.0,27.545551982851023,46.8232044198895
014830,유니드,KOSPI,82600.0,64800.0,27.469135802469147,51.329787234042556
042660,한화오션,KOSPI,131900.0,103500.0,27.43961352657005,40.49689440993789
137950,제이씨케미칼,KOSDAQ,3975.0,3120.0,27.403846153846146,59.40766550522649
086040,바이오톡스텍,KOSDAQ,3215.0,2525.0,27.32673267326733,49.5
472720,주주가치액티브,KOSPI,22685.0,17818.0,27.31507464361882,41.340549542048294
001560,제일연마,KOSPI,11850.0,9310.0,27.28249194414607,57.47126436781609
036890,진성티이씨,KOSDAQ,16330.0,12830.0,27.279812938425565,53.389043639740024
464600,자동차소부장Fn,KOSPI,16390.0,12880.0,27.251552795031063,44.84181568088032
001620,케이비아이동국실업,KOSPI,617.0,485.0,27.216494845360817,47.74647887323944
445690,주주가치액티브,KOSPI,27395.0,21560.0,27.064007421150272,41.93078324225865
078520,에이블씨엔씨,KOSPI,11600.0,9130.0,27.053669222343913,47.95918367346938
025440,오토웨어,KOSDAQ,914.0,720.0,26.944444444444436,40.27777777777777
187870,디바이스,KOSDAQ,17520.0,13810.0,26.864590876176674,43.501805054151625
098460,고영,KOSDAQ,29050.0,22900.0,26.85589519650655,45.74468085106383
484120,도우인시스,KOSDAQ,22850.0,18020.0,26.803551609322973,47.7414871438499
475070,글로벌친환경전력인프라액티브,KOSPI,31025.0,24505.0,26.606814935727407,52.08647561588737
488200,차전지북미공급망,KOSPI,12820.0,10130.0,26.554787759131294,44.368421052631575
301300,바이브컴퍼니,KOSDAQ,2655.0,2100.0,26.428571428571423,48.63945578231292
046390,삼화네트웍스,KOSDAQ,906.0,718.0,26.183844011142064,51.32530120481927
018000,유니슨,KOSDAQ,1181.0,936.0,26.17521367521367,49.86631016042781
448280,에코아이,KOSDAQ,12120.0,9610.0,26.11862643080125,57.5880758807588
139290,경기소비재,KOSPI,26325.0,20895.0,25.987078248384776,43.13179158539983
464490,쿼드메디슨,KOSDAQ,16010.0,12710.0,25.963808025177016,45.34296028880867
396270,넥스트칩,KOSDAQ,3320.0,2640.0,25.757575757575758,52.7027027027027
005010,휴스틸,KOSPI,4810.0,3825.0,25.751633986928102,57.11159737417943
461450,코스닥글로벌,KOSPI,18135.0,14425.0,25.719237435008658,47.15025906735751
060370,마린솔루션,KOSDAQ,31550.0,25100.0,25.697211155378486,49.69072164948454
417450,글로벌수소경제,KOSPI,14005.0,11155.0,25.54908112953833,59.97757847533632
005680,삼영전자,KOSPI,12750.0,10160.0,25.492125984251967,49.68553459119497
005320,온타이드,KOSPI,517.0,412.0,25.485436893203882,49.00662251655629
042370,비츠로테크,KOSDAQ,10840.0,8640.0,25.462962962962955,46.103896103896105
356860,티엘비,KOSDAQ,59000.0,47050.0,25.398512221041436,47.97979797979798
041960,코미팜,KOSDAQ,8280.0,6610.0,25.264750378214828,43.351063829787236
333430,일승,KOSDAQ,5760.0,4600.0,25.217391304347835,44.345238095238095
048910,대원미디어,KOSDAQ,8740.0,6980.0,25.21489971346704,57.6271186440678
347850,디앤디파마텍,KOSDAQ,87600.0,70000.0,25.14285714285713,50.79365079365079
385600,차전지,KOSPI,9935.0,7940.0,25.125944584382864,43.435858964741186
461580,코스닥글로벌,KOSPI,18430.0,14730.0,25.118805159538347,46.96734059097979
209640,와이제이링크,KOSDAQ,4000.0,3200.0,25.0,41.155234657039706
179530,애드바이오텍,KOSDAQ,1687.0,1350.0,24.962962962962965,52.54237288135593
058650,세아홀딩스,KOSPI,151500.0,121300.0,24.896949711459193,40.85850556438792
125210,아모그린텍,KOSDAQ,7340.0,5880.0,24.82993197278911,44.3231441048035
307520,지주회사,KOSPI,19615.0,15715.0,24.81705377028316,40.2245088868101
465330,차전지TOP10,KOSPI,11935.0,9565.0,24.777835859905917,41.745134965473945
046210,파나진,KOSDAQ,2035.0,1631.0,24.77007970570202,53.38218714768884
096760,홀딩스,KOSPI,4315.0,3460.0,24.710982658959544,45.88859416445624
065690,파커스,KOSDAQ,1459.0,1170.0,24.700854700854702,54.385964912280706
008830,대동기어,KOSDAQ,20200.0,16200.0,24.691358024691358,40.828402366863905
250930,예선테크,KOSDAQ,384.0,308.0,24.675324675324674,45.56213017751479
125490,한라캐스트,KOSDAQ,16560.0,13290.0,24.604966139954843,47.16227018385291
243840,신흥에스이씨,KOSDAQ,5800.0,4655.0,24.597207303974212,46.742209631728045
000500,가온전선,KOSPI,97000.0,77900.0,24.518613607188698,49.77924944812362
001800,오리온홀딩스,KOSPI,24200.0,19440.0,24.485596707818935,41.54929577464789
199820,제일일렉트릭,KOSDAQ,10270.0,8250.0,24.484848484848488,43.83116883116883
091700,파트론,KOSDAQ,8370.0,6730.0,24.36849925705795,54.83870967741936
017860,단석,KOSPI,19410.0,15610.0,24.343369634849466,52.33265720081136
123040,엠에스오토텍,KOSDAQ,2555.0,2055.0,24.330900243308996,54.400000000000006
126640,화신정공,KOSDAQ,1550.0,1247.0,24.29831595829992,52.27272727272727
064240,홈캐스트,KOSDAQ,2150.0,1730.0,24.277456647398843,47.930082796688126
005389,현대차3우B,KOSPI,247000.0,198800.0,24.24547283702214,42.73255813953488
330350,위더스제약,KOSDAQ,8360.0,6730.0,24.21991084695394,44.53125
000070,삼양홀딩스,KOSPI,69800.0,56200.0,24.199288256227767,43.33333333333333
453950,파운드리밸류체인,KOSPI,26900.0,21670.0,24.134748500230742,42.523364485981304
140570,수출주,KOSPI,22055.0,17770.0,24.113674732695543,43.08300395256917
422420,차전지액티브,KOSPI,8175.0,6590.0,24.051593323217002,45.02664298401421
072770,멤레이비티,KOSDAQ,780.0,629.0,24.006359300476944,52.892561983471076
044450,해운,KOSPI,10650.0,8590.0,23.98137369033759,46.94915254237288
496770,글로벌방산,KOSPI,21525.0,17390.0,23.77803335250144,54.55893254262417
471040,글로벌AI,KOSPI,24595.0,19875.0,23.748427672955973,53.61062969381861
004105,태양금속우,KOSPI,3920.0,3170.0,23.65930599369086,45.851528384279476
100090,오션플랜트,KOSPI,18840.0,15250.0,23.540983606557386,50.27494108405342
276000,글로벌자원생산기업,KOSPI,20565.0,16650.0,23.513513513513516,51.89873417721519
487230,미국AI전력핵심인프라,KOSPI,20120.0,16291.0,23.503775090540778,55.45314900153609
060570,드림어스컴퍼니,KOSDAQ,1356.0,1098.0,23.497267759562845,49.13793103448276
348210,넥스틴,KOSDAQ,81100.0,65700.0,23.43987823439879,53.65344467640919
021050,서원,KOSPI,1292.0,1047.0,23.40019102196753,49.6031746031746
475720,위클리커버드콜,KOSPI,12330.0,9996.0,23.349339735894347,41.40149539210572
058430,포스코스틸리온,KOSPI,44650.0,36200.0,23.34254143646408,40.35532994923858
462010,차전지소재Fn,KOSPI,6270.0,5085.0,23.303834808259595,40.54621848739496
456600,글로벌AI인공지능액티브,KOSPI,41870.0,33965.0,23.273958486677458,54.19029615626969
494840,미국방산TOP10,KOSPI,15550.0,12625.0,23.168316831683168,54.749199573105656
090460,비에이치,KOSPI,18630.0,15130.0,23.13284864507601,43.33635539437897
261070,코스닥150바이오테크,KOSPI,20455.0,16620.0,23.074608904933825,49.27391086629945
450080,에코프로머티,KOSPI,61900.0,50300.0,23.061630218687878,46.65427509293681
339950,아이비김영,KOSDAQ,2320.0,1886.0,23.011664899257678,54.61847389558233
270800,고배당,KOSPI,16185.0,13159.0,22.995668363857448,45.521292217327456
081150,티플랙스,KOSDAQ,3345.0,2720.0,22.977941176470583,58.33333333333333
001020,페이퍼코리아,KOSPI,719.0,585.0,22.905982905982913,55.393053016453386
153490,우리이앤엘,KOSDAQ,784.0,638.0,22.88401253918495,59.119496855345915
031210,서울보증보험,KOSPI,55400.0,45100.0,22.838137472283805,42.33870967741935
043150,바텍,KOSDAQ,23200.0,18890.0,22.816304923239805,55.30546623794213
455180,케이지에이,KOSDAQ,3070.0,2500.0,22.799999999999997,45.31722054380664
018470,조일알미늄,KOSPI,1344.0,1095.0,22.739726027397268,55.86481113320079
306200,세아제강,KOSPI,138200.0,112700.0,22.626441881100256,52.214452214452216
016880,웅진,KOSPI,2280.0,1860.0,22.580645161290324,42.49825540823448
025900,동화기업,KOSDAQ,9500.0,7750.0,22.580645161290324,45.6268221574344
331380,포커스에이아이,KOSDAQ,3095.0,2525.0,22.574257425742573,56.70103092783505
147830,제룡산업,KOSDAQ,7550.0,6160.0,22.564935064935064,44.78935698447893
394800,쓰리빌리언,KOSDAQ,14850.0,12120.0,22.524752475247524,50.73529411764706
008355,남선알미우,KOSPI,14960.0,12210.0,22.522522522522515,57.983193277310924
347860,알체라,KOSDAQ,1681.0,1372.0,22.521865889212833,45.808019441069256
300080,플리토,KOSDAQ,12910.0,10540.0,22.485768500948765,43.509272467903
078150,테크놀러지,KOSDAQ,2100.0,1715.0,22.44897959183674,48.92395982783358
256940,킵스파마,KOSDAQ,8080.0,6600.0,22.424242424242415,45.0199203187251
006360,건설,KOSPI,22400.0,18300.0,22.404371584699454,47.49034749034749
010140,삼성중공업,KOSPI,28750.0,23500.0,22.34042553191489,48.538011695906434
093520,매커스,KOSDAQ,25200.0,20600.0,22.330097087378633,43.58974358974359
298380,에이비엘바이오,KOSDAQ,187000.0,152900.0,22.302158273381288,48.81065651760228
084680,이월드,KOSPI,1597.0,1306.0,22.281776416539056,44.47806354009077
483340,구글밸류체인액티브,KOSPI,17360.0,14200.0,22.253521126760557,51.224489795918366
065350,신성델타테크,KOSDAQ,66000.0,54000.0,22.222222222222232,40.273972602739725
460280,유전자혁신기술,KOSPI,14240.0,11655.0,22.17932217932217,47.10806697108067
100840,에너지,KOSPI,43800.0,35850.0,22.17573221757323,41.855670103092784
011210,현대위아,KOSPI,81200.0,66500.0,22.10526315789474,46.239554317548745
366030,공구우먼,KOSDAQ,5710.0,4680.0,22.00854700854702,42.299794661190965
001740,네트웍스,KOSPI,5240.0,4295.0,22.002328288707808,44.98141263940521
382480,지아이텍,KOSDAQ,2320.0,1902.0,21.97686645636172,51.768488745980704
032850,비트컴퓨터,KOSDAQ,5610.0,4600.0,21.95652173913043,49.253731343283576
469170,포스코그룹포커스,KOSPI,6805.0,5582.0,21.909709781440334,40.229885057471265
092460,한라IMS,KOSDAQ,16040.0,13160.0,21.884498480243163,46.51162790697675
092600,앤씨앤,KOSDAQ,619.0,508.0,21.850393700787407,41.68514412416851
054090,삼진엘앤디,KOSDAQ,765.0,628.0,21.81528662420382,58.67237687366166
004000,롯데정밀화학,KOSPI,51100.0,41950.0,21.811680572109648,52.109704641350206
139230,중공업,KOSPI,15995.0,13135.0,21.773886562618962,43.80952380952382
115450,테라퓨틱스,KOSDAQ,2950.0,2424.0,21.699669966996705,58.896210873146615
424870,이뮨온시아,KOSDAQ,8360.0,6870.0,21.68850072780204,49.16201117318436
241690,유니테크노,KOSDAQ,3900.0,3205.0,21.684867394695793,50.96952908587258
062970,한국첨단소재,KOSDAQ,2385.0,1960.0,21.683673469387756,50.5586592178771
065680,우주일렉트로,KOSDAQ,31200.0,25650.0,21.63742690058479,45.669291338582674
071200,인피니트헬스케어,KOSDAQ,6810.0,5600.0,21.607142857142847,51.35135135135135
417860,오브젠,KOSDAQ,9120.0,7500.0,21.599999999999998,42.92604501607717
047400,유니온머티리얼,KOSPI,1580.0,1300.0,21.53846153846153,52.437417654808954
130740,티피씨글로벌,KOSDAQ,2135.0,1757.0,21.513944223107572,49.791840133222316
051600,한전KPS,KOSPI,59400.0,48900.0,21.47239263803682,42.32365145228216
088910,동우팜투테이블,KOSDAQ,2435.0,2005.0,21.446384039900245,53.409090909090914
002870,신풍,KOSPI,1246.0,1026.0,21.442495126705662,53.3442088091354
102960,기계장비,KOSPI,16160.0,13310.0,21.41247182569497,41.97773411918795
013810,스페코,KOSDAQ,2840.0,2340.0,21.36752136752136,52.230971128608914
134380,미원화학,KOSPI,110500.0,91100.0,21.295279912184405,46.245059288537554
380340,코리아AI테크핵심산업,KOSPI,18145.0,14960.0,21.290106951871657,44.74145486415426
469070,로봇,KOSPI,15150.0,12500.0,21.199999999999996,42.189854344550476
442320,글로벌원자력,KOSPI,44390.0,36626.0,21.198056025774047,52.082690527614936
031440,신세계푸드,KOSPI,48600.0,40100.0,21.197007481296758,52.272727272727266
008290,원풍물산,KOSDAQ,372.0,307.0,21.172638436482096,59.46843853820599
140860,파크시스템스,KOSDAQ,252000.0,208000.0,21.153846153846146,45.09283819628647
096250,와이즈넛,KOSDAQ,11060.0,9130.0,21.13910186199344,45.79008073817762
376180,피코그램,KOSDAQ,2610.0,2155.0,21.113689095127608,42.611683848797256
002720,국제약품,KOSPI,4965.0,4100.0,21.097560975609753,57.870370370370374
407300,골프테마,KOSPI,11275.0,9315.0,21.041331186258727,44.21148587055606
005750,대림바스,KOSPI,5530.0,4570.0,21.006564551422315,50.442477876106196
003475,유안타증권우,KOSPI,4530.0,3745.0,20.96128170894527,40.92140921409214
495940,미국AI테크액티브,KOSPI,15060.0,12451.0,20.954140229700435,53.07820299500832
461950,차전지핵심소재10,KOSPI,6060.0,5020.0,20.71713147410359,40.617848970251714
166400,커버드콜OTM,KOSPI,19450.0,16124.0,20.62763582237659,50.98735615854525
277540,아시아TOP50,KOSPI,27320.0,22661.0,20.559551652619046,49.299719887955185
445150,친환경조선해운액티브,KOSPI,34995.0,29040.0,20.50619834710743,42.6465167711021
460470,아이빔테크놀로지,KOSDAQ,3440.0,2855.0,20.490367775831864,51.34020618556701
450180,한중전기차,KOSPI,13410.0,11130.0,20.485175202156334,49.224405377456044
265520,시스템,KOSDAQ,22350.0,18550.0,20.485175202156334,47.933884297520656
348350,위드텍,KOSDAQ,9900.0,8220.0,20.43795620437956,51.07084019769357
051380,피씨디렉트,KOSDAQ,2010.0,1669.0,20.431396045536253,54.6943231441048
117680,철강,KOSPI,14680.0,12192.0,20.406824146981627,43.834841628959275
016100,리더스코스메틱,KOSDAQ,1600.0,1330.0,20.30075187969924,52.84653465346535
017040,광명전기,KOSPI,1443.0,1200.0,20.24999999999999,44.10958904109589
095660,네오위즈,KOSDAQ,27650.0,23000.0,20.21739130434783,54.6816479400749
038880,아이에이,KOSDAQ,143.0,119.0,20.168067226890752,55.38461538461538
377480,마음AI,KOSDAQ,15790.0,13140.0,20.167427701674278,45.2201933404941
004020,현대제철,KOSPI,34900.0,29050.0,20.137693631669528,46.99300699300699
145720,덴티움,KOSPI,52500.0,43700.0,20.13729977116705,50.0
007540,샘표,KOSPI,56500.0,47050.0,20.085015940488837,47.44525547445255
455860,차전지소부장Fn,KOSPI,5710.0,4755.0,20.084121976866463,41.0377358490566
053690,한미글로벌,KOSPI,19620.0,16340.0,20.073439412484696,47.155105222135624
321820,아티스트컴퍼니,KOSDAQ,3530.0,2940.0,20.068027210884342,43.36569579288025
038060,루멘스,KOSDAQ,725.0,604.0,20.033112582781463,56.58119658119658
003690,코리안리,KOSPI,12950.0,10790.0,20.01853568118628,40.68376068376069
108490,로보티즈,KOSDAQ,249000.0,207500.0,19.999999999999996,44.83516483516484
001530,동일,KOSPI,22550.0,18800.0,19.946808510638302,43.82716049382716
031430,신세계인터내셔날,KOSPI,12570.0,10480.0,19.942748091603058,47.935368043087976
259630,엠플러스,KOSDAQ,12330.0,10280.0,19.941634241245133,46.97309417040359
315640,딥노이드,KOSDAQ,3550.0,2960.0,19.932432432432435,51.97368421052632
043200,파루,KOSDAQ,891.0,743.0,19.919246298788696,45.268138801261834
029480,광무,KOSDAQ,2235.0,1864.0,19.90343347639485,40.78947368421052
069410,엔텔스,KOSDAQ,4795.0,4000.0,19.875,49.411764705882355
030530,원익홀딩스,KOSDAQ,31800.0,26550.0,19.774011299435035,45.28301886792453
027710,팜스토리,KOSDAQ,1324.0,1106.0,19.710669077757693,41.39433551198257
286940,롯데이노베이트,KOSPI,22500.0,18800.0,19.680851063829795,42.53393665158371
115440,우리넷,KOSDAQ,7550.0,6310.0,19.651347068145796,53.68098159509202
049470,비트플래닛,KOSDAQ,682.0,570.0,19.649122807017537,47.9224376731302
215480,토박스코리아,KOSDAQ,2115.0,1768.0,19.62669683257918,55.38461538461538
445090,에이직랜드,KOSDAQ,28350.0,23700.0,19.620253164556956,41.68674698795181
050090,비케이홀딩스,KOSDAQ,647.0,541.0,19.59334565619224,50.98591549295774
076080,웰크론한텍,KOSDAQ,1172.0,980.0,19.591836734693867,44.989775051124745
449680,한중전기차,KOSPI,12980.0,10855.0,19.57623215108244,47.94642857142857
328380,솔트웨어,KOSDAQ,814.0,681.0,19.53010279001468,52.064220183486235
051630,진양화학,KOSPI,2390.0,2000.0,19.500000000000007,46.29080118694362
251370,와이엠티,KOSDAQ,12380.0,10360.0,19.49806949806949,43.844492440604746
104460,디와이피엔에프,KOSDAQ,15530.0,13000.0,19.461538461538463,55.151515151515156
144510,지씨셀,KOSDAQ,26100.0,21850.0,19.4508009153318,52.88461538461539
117460,에너지화학,KOSPI,14835.0,12420.0,19.444444444444443,40.38800705467372
373160,데이원컴퍼니,KOSDAQ,4675.0,3915.0,19.412515964240097,46.5
105760,포스뱅크,KOSDAQ,5600.0,4690.0,19.402985074626855,49.583333333333336
009520,포스코엠텍,KOSDAQ,17970.0,15050.0,19.401993355481718,40.401146131805156
058110,멕아이씨에스,KOSDAQ,1774.0,1486.0,19.380888290713315,50.76923076923077
010280,아이티센엔텍,KOSDAQ,1140.0,955.0,19.371727748691093,53.40236686390532
095720,웅진씽크빅,KOSPI,1177.0,986.0,19.37119675456389,52.02558635394456
024880,케이피에프,KOSDAQ,6040.0,5060.0,19.367588932806324,41.554054054054056
037030,파워넷,KOSDAQ,2905.0,2435.0,19.301848049281322,47.05882352941176
290690,소룩스,KOSDAQ,3245.0,2720.0,19.301470588235304,41.896024464831804
375500,이앤씨,KOSPI,47000.0,39400.0,19.289340101522832,42.97945205479452
009970,영원무역홀딩스,KOSPI,219000.0,183600.0,19.281045751633986,45.45454545454545
484590,삼양컴텍,KOSDAQ,13320.0,11170.0,19.247985675917633,53.13404050144647
078000,텔코웨어,KOSPI,17970.0,15070.0,19.243530192435298,43.13077939233818
006200,한국전자홀딩스,KOSPI,750.0,629.0,19.236883942766305,54.899135446685875
378340,필에너지,KOSDAQ,14290.0,11990.0,19.182652210175142,44.44444444444444
376300,디어유,KOSDAQ,37900.0,31800.0,19.182389937106926,42.6829268292683
023810,인팩,KOSPI,7770.0,6520.0,19.171779141104285,40.256410256410255
452200,민테크,KOSDAQ,2305.0,1935.0,19.121447028423777,43.23432343234324
044820,코스맥스비티아이,KOSPI,14330.0,12030.0,19.11886949293433,50.56179775280899
064290,인텍플러스,KOSDAQ,15410.0,12940.0,19.088098918083453,43.787575150300604
083310,엘오티베큠,KOSDAQ,13370.0,11230.0,19.05609973285842,50.05636978579482
002990,금호건설,KOSPI,4750.0,3990.0,19.047619047619047,40.74733096085409
089010,켐트로닉스,KOSDAQ,29750.0,25000.0,18.999999999999993,44.15011037527594
464500,아이언디바이스,KOSDAQ,3320.0,2790.0,18.99641577060931,47.27668845315904
100130,동국S,KOSDAQ,2105.0,1770.0,18.926553672316395,52.227171492204896
288620,에스퓨얼셀,KOSDAQ,9120.0,7670.0,18.904823989569742,43.31103678929766
018500,동원금속,KOSPI,1587.0,1335.0,18.876404494382015,45.26034712950601
087260,모바일어플라이언스,KOSDAQ,1905.0,1603.0,18.839675608234565,42.09138840070299
330860,네패스아크,KOSDAQ,17990.0,15140.0,18.824306472919417,43.28462073764788
009410,태영건설,KOSPI,1837.0,1546.0,18.822768434670124,50.0
264660,씨앤지하이테크,KOSDAQ,17700.0,14900.0,18.791946308724828,41.10522331566995
405100,큐알티,KOSDAQ,17010.0,14320.0,18.78491620111731,45.90747330960854
045970,코아시아,KOSDAQ,5060.0,4265.0,18.640093786635404,40.339702760084926
044380,주연테크,KOSPI,363.0,306.0,18.627450980392158,47.73869346733668
042510,라온시큐어,KOSDAQ,9190.0,7750.0,18.58064516129032,45.35809018567639
041520,이엘씨,KOSDAQ,7740.0,6530.0,18.52986217457886,48.02431610942249
014530,극동유화,KOSPI,3845.0,3245.0,18.489984591679498,51.29390018484288
284430,미국채혼합,KOSPI,19695.0,16622.0,18.487546624954888,50.360884749708966
370090,퓨런티어,KOSDAQ,12970.0,10950.0,18.44748858447489,45.649263721552884
065370,위세아이텍,KOSDAQ,5170.0,4365.0,18.442153493699887,43.55828220858896
475460,미트박스,KOSDAQ,7970.0,6730.0,18.424962852897476,48.196721311475414
220100,퓨쳐켐,KOSDAQ,21900.0,18500.0,18.37837837837837,41.96018376722818
360070,탑머티리얼,KOSDAQ,18300.0,15460.0,18.36998706338939,40.05819592628516
402030,코난테크놀로지,KOSDAQ,19410.0,16400.0,18.35365853658537,41.061224489795926
438740,마이다스,KOSPI,35800.0,30255.0,18.327549165427204,42.19512195121951
016670,디모아,KOSDAQ,4200.0,3550.0,18.309859154929576,55.94713656387665
248070,솔루엠,KOSPI,17540.0,14830.0,18.27376938637897,46.103183315038414
002420,세기상사,KOSPI,5730.0,4845.0,18.266253869969052,55.40983606557377
019660,글로본,KOSDAQ,2400.0,2030.0,18.226600985221687,59.523809523809526
478150,글로벌우주테크,KOSPI,22690.0,19193.0,18.22018444224456,50.171428571428564
119610,인터로조,KOSDAQ,17910.0,15150.0,18.217821782178213,46.14512471655329
097870,효성오앤비,KOSDAQ,6560.0,5550.0,18.19819819819819,54.63917525773195
252420,선물인버스2X,KOSPI,280.0,237.0,18.143459915611814,49.09090909090909
305720,차전지산업,KOSPI,15935.0,13495.0,18.08077065579845,42.21585482330468
082850,우리바이오,KOSDAQ,1820.0,1542.0,18.028534370946826,45.67769477054429
419120,산돌,KOSDAQ,4130.0,3500.0,17.999999999999993,44.41260744985673
013990,아가방컴퍼니,KOSDAQ,4985.0,4225.0,17.988165680473365,53.4435261707989
058730,다스코,KOSPI,3445.0,2920.0,17.97945205479452,42.71844660194174
399580,글로벌클린에너지,KOSPI,10345.0,8769.0,17.97240278252936,53.97727272727273
483420,애플밸류체인액티브,KOSPI,16970.0,14385.0,17.97010775112964,47.12643678160919
092040,아미코젠,KOSDAQ,1386.0,1175.0,17.957446808510635,42.201834862385326
225430,케이엠제약,KOSDAQ,401.0,340.0,17.94117647058824,44.466403162055336
220130,차이나강소기업CSI500,KOSPI,6905.0,5855.0,17.933390264730996,50.2092050209205
008970,동양철관,KOSPI,1720.0,1459.0,17.888965044551064,42.76401564537157
063170,서울옥션,KOSDAQ,7990.0,6780.0,17.84660766961652,40.33057851239669
466920,조선TOP3플러스,KOSPI,36890.0,31310.0,17.821782178217816,42.978208232445525
466810,차전지양극재,KOSPI,6555.0,5565.0,17.78975741239892,41.170212765957444
067080,대화제약,KOSDAQ,14900.0,12650.0,17.786561264822144,47.46113989637306
416180,신성에스티,KOSDAQ,35100.0,29800.0,17.785234899328863,44.2
065530,와이어블,KOSDAQ,1424.0,1209.0,17.783291976840367,56.326530612244895
462900,바이오헬스케어액티브,KOSPI,23705.0,20130.0,17.759562841530062,50.12605042016807
069330,유아이디,KOSDAQ,1009.0,857.0,17.736289381563598,46.45161290322581
128660,피제이메탈,KOSDAQ,3255.0,2765.0,17.721518987341778,52.45098039215686
177900,쓰리에이로직스,KOSDAQ,5920.0,5030.0,17.693836978131205,42.7860696517413
032960,동일기연,KOSDAQ,16500.0,14020.0,17.68901569186876,52.31788079470199
433220,에셋플러스,KOSPI,28790.0,24495.0,17.534190651153292,50.513950073421434
114450,그린생명과학,KOSDAQ,2750.0,2340.0,17.521367521367527,45.0
446540,메가터치,KOSDAQ,3860.0,3285.0,17.503805175038046,43.34277620396601
411060,금현물,KOSPI,33500.0,28515.0,17.48202700333159,49.11452184179458
002780,진흥기업,KOSPI,793.0,675.0,17.481481481481474,43.6241610738255
424760,벨로크,KOSDAQ,1042.0,887.0,17.47463359639234,46.59400544959128
402460,메타버스MZ,KOSPI,9870.0,8405.0,17.430101130279585,40.546697038724375
001260,남광토건,KOSPI,9030.0,7690.0,17.425227568270472,50.53191489361702
461340,글로벌생성형AI액티브,KOSPI,30665.0,26121.0,17.39596493242985,52.902662592754254
021040,대호특수강,KOSDAQ,1229.0,1047.0,17.382999044890155,42.51012145748988
086670,비엠티,KOSDAQ,13230.0,11280.0,17.28723404255319,47.77142857142857
419530,엔터,KOSDAQ,33950.0,28950.0,17.271157167530227,41.30434782608696
305540,차전지테마,KOSPI,19465.0,16600.0,17.25903614457831,42.01556131900704
033500,동성화인텍,KOSDAQ,28200.0,24050.0,17.25571725571726,43.34277620396601
083930,아바코,KOSDAQ,14710.0,12550.0,17.211155378486055,41.84576485461441
304360,에스바이오메딕스,KOSDAQ,34750.0,29650.0,17.200674536256333,43.01552106430155
033200,모아텍,KOSDAQ,3750.0,3200.0,17.1875,40.06514657980457
469060,미국반도체NYSE,KOSPI,24080.0,20551.0,17.171913775485372,45.99483204134368
036420,콘텐트리중앙,KOSPI,7040.0,6010.0,17.138103161397677,43.24324324324324
173130,오파스넷,KOSDAQ,7260.0,6200.0,17.09677419354838,40.880503144654085
161580,필옵틱스,KOSDAQ,45900.0,39200.0,17.091836734693878,46.070460704607044
287840,인투셀,KOSDAQ,46250.0,39500.0,17.08860759493671,41.46341463414634
035510,신세계,KOSPI,17410.0,14870.0,17.081371889710816,43.291995490417136
068930,디지털대성,KOSDAQ,8860.0,7570.0,17.040951122853375,54.9222797927461
252670,선물인버스2X,KOSPI,275.0,235.0,17.021276595744684,48.77300613496933
115160,휴맥스,KOSDAQ,689.0,589.0,16.977928692699496,41.504178272980496
011230,삼화전자,KOSPI,2585.0,2210.0,16.96832579185521,40.53156146179401
239340,이스트에이드,KOSDAQ,1427.0,1220.0,16.96721311475411,41.13785557986871
144960,뉴파워프라즈마,KOSDAQ,5630.0,4815.0,16.92627206645898,42.12962962962963
002140,고려산업,KOSPI,2765.0,2365.0,16.913319238900627,57.065217391304344
009310,참엔지니어링,KOSPI,1065.0,911.0,16.904500548847423,55.039267015706805
079900,전진건설로봇,KOSPI,54400.0,46550.0,16.86358754027928,44.74431818181819
080420,모다이노칩,KOSDAQ,2115.0,1810.0,16.850828729281766,53.78486055776892
494670,조선TOP10,KOSPI,29340.0,25125.0,16.776119402985067,41.71385428463571
193250,링크드,KOSDAQ,397.0,340.0,16.76470588235295,48.07692307692308
003300,한일홀딩스,KOSPI,17900.0,15330.0,16.764514024788003,56.587473002159825
401470,메타버스액티브,KOSPI,8970.0,7685.0,16.720884840598572,43.05084745762712
048470,대동스틸,KOSDAQ,3250.0,2785.0,16.696588868940765,42.857142857142854
253160,선물인버스2X,KOSPI,567.0,486.0,16.666666666666675,48.87820512820513
463050,바이오액티브,KOSPI,20170.0,17290.0,16.657027183342965,50.72115384615385
102120,어보브반도체,KOSDAQ,11570.0,9920.0,16.633064516129025,45.38011695906433
036710,심텍홀딩스,KOSDAQ,2490.0,2135.0,16.627634660421542,45.39249146757679
432430,와이랩,KOSDAQ,3300.0,2830.0,16.607773851590114,42.71186440677966
045390,대아티아이,KOSDAQ,4400.0,3775.0,16.55629139072847,41.95205479452054
025550,한국선재,KOSDAQ,3380.0,2900.0,16.551724137931046,44.64285714285714
080520,오디텍,KOSDAQ,3170.0,2720.0,16.544117647058833,44.888888888888886
086980,쇼박스,KOSDAQ,2785.0,2390.0,16.527196652719667,45.833333333333336
460860,동국제강,KOSPI,9050.0,7770.0,16.47361647361647,51.30434782608696
105740,디케이락,KOSDAQ,9640.0,8280.0,16.425120772946865,40.55299539170507
276040,스코넥,KOSDAQ,817.0,702.0,16.381766381766383,45.924967658473484
241790,티이엠씨씨엔에스,KOSDAQ,7180.0,6170.0,16.369529983792553,43.98034398034398
480040,미국반도체데일리타겟커버드콜,KOSPI,13550.0,11644.0,16.368945379594635,46.57339340763576
192250,케이사인,KOSDAQ,10100.0,8680.0,16.359447004608295,48.769574944071586
226400,오스테오닉,KOSDAQ,6550.0,5630.0,16.34103019538189,48.68913857677902
085310,엔케이,KOSPI,1068.0,918.0,16.33986928104576,42.070484581497794
251270,넷마블,KOSPI,53200.0,45750.0,16.284153005464486,43.81443298969072
237820,플레이디,KOSDAQ,4535.0,3900.0,16.28205128205129,53.42960288808665
017900,광전자,KOSPI,2050.0,1763.0,16.279069767441868,52.51396648044692
033640,네패스,KOSDAQ,16740.0,14400.0,16.250000000000007,48.21558630735615
461300,아이스크림미디어,KOSDAQ,16710.0,14380.0,16.203059805285115,56.405693950177934
036570,엔씨소프트,KOSPI,226000.0,194500.0,16.19537275064267,48.35371589840075
336370,솔루스첨단소재,KOSPI,8110.0,6980.0,16.189111747851005,43.037974683544306
286750,나노실리칸첨단소재,KOSDAQ,1480.0,1274.0,16.16954474097332,42.349726775956285
218150,미래생명자원,KOSDAQ,3345.0,2880.0,16.145833333333325,56.73469387755103
005870,휴니드,KOSPI,8580.0,7390.0,16.102841677943157,48.13664596273291
361570,알비더블유,KOSDAQ,2030.0,1750.0,15.999999999999993,50.30229746070133
418550,제이오,KOSDAQ,7540.0,6500.0,15.999999999999993,40.259740259740255
252710,선물인버스2X,KOSPI,291.0,251.0,15.936254980079688,48.275862068965516
003070,코오롱글로벌,KOSPI,10040.0,8660.0,15.935334872979222,45.841784989858006
389650,넥스트바이오메디컬,KOSDAQ,70600.0,60900.0,15.927750410509024,42.33409610983982
170790,파이오링크,KOSDAQ,8600.0,7420.0,15.902964959568733,48.44124700239808
411420,미국나스닥AI테크액티브,KOSPI,22010.0,18991.0,15.897003843926072,49.58145524790727
049120,파인디앤씨,KOSDAQ,540.0,466.0,15.879828326180267,41.86046511627907
146320,비씨엔씨,KOSDAQ,14620.0,12620.0,15.847860538827252,43.679245283018865
317850,대모,KOSDAQ,8340.0,7200.0,15.833333333333343,43.735763097949885
460930,현대힘스,KOSDAQ,17720.0,15300.0,15.816993464052299,42.494929006085194
434480,모니터랩,KOSDAQ,3630.0,3135.0,15.789473684210531,41.081081081081074
079430,현대리바트,KOSPI,7190.0,6210.0,15.780998389694044,41.96078431372549
387570,파인메딕스,KOSDAQ,7000.0,6050.0,15.702479338842966,47.67025089605735
329180,현대중공업,KOSPI,583000.0,504000.0,15.674603174603185,45.04132231404959
051160,지어소프트,KOSDAQ,7680.0,6640.0,15.662650602409634,56.79442508710801
120115,코오롱인더우,KOSPI,27700.0,23950.0,15.657620041753662,47.58064516129033
018680,서울제약,KOSDAQ,2775.0,2400.0,15.625,46.49122807017543
263920,휴엠앤씨,KOSDAQ,4260.0,3685.0,15.603799185888745,55.0
208370,셀바스헬스케어,KOSDAQ,4565.0,3950.0,15.569620253164551,40.56437389770723
278280,천보,KOSDAQ,46800.0,40500.0,15.555555555555545,42.35127478753541
390390,미국반도체,KOSPI,39970.0,34593.0,15.543607088139222,48.3996120271581
332370,아이디피,KOSDAQ,5060.0,4380.0,15.525114155251153,44.25531914893617
452190,한빛레이저,KOSDAQ,4170.0,3610.0,15.512465373961227,41.02564102564102
333050,모코엠시스,KOSDAQ,1178.0,1020.0,15.490196078431362,44.1588785046729
018250,애경산업,KOSPI,14330.0,12410.0,15.471394037066876,41.06175514626219
445180,퓨릿,KOSDAQ,9510.0,8240.0,15.4126213592233,50.24630541871921
045340,토탈소프트,KOSDAQ,6890.0,5970.0,15.410385259631498,48.87983706720978
395280,게임,KOSPI,4120.0,3570.0,15.406162464985984,48.28660436137072
440910,미국우주항공방산,KOSPI,26940.0,23345.0,15.399443135575064,46.278625954198475
484810,티엑스알로보틱스,KOSDAQ,16090.0,13950.0,15.340501792114702,41.98078344419808
052330,코텍,KOSDAQ,10000.0,8670.0,15.340253748558252,40.9375
054780,키이스트,KOSDAQ,2485.0,2155.0,15.313225058004631,41.32231404958677
032540,미디어,KOSDAQ,6190.0,5370.0,15.270018621973925,50.806451612903224
053950,경남제약,KOSDAQ,695.0,603.0,15.257048092868985,56.414473684210535
302550,리메드,KOSDAQ,3175.0,2755.0,15.245009074410154,50.6631299734748
006620,동구바이오제약,KOSDAQ,5490.0,4765.0,15.215110178384062,47.24576271186441
061970,세미콘,KOSDAQ,4395.0,3815.0,15.203145478374847,41.81091877496671
064550,바이오니아,KOSDAQ,12130.0,10530.0,15.194681861348535,44.4954128440367
095190,이엠코리아,KOSDAQ,2315.0,2010.0,15.174129353233834,49.20634920634921
199800,툴젠,KOSDAQ,48600.0,42200.0,15.165876777251185,43.9453125
271830,팸텍,KOSDAQ,1577.0,1370.0,15.109489051094883,45.45454545454546
024830,세원물산,KOSDAQ,11510.0,10000.0,15.100000000000001,43.18181818181818
289480,커버드콜,KOSPI,10470.0,9098.0,15.080237414816434,55.70175438596492
007210,벽산,KOSPI,1872.0,1627.0,15.058389674247085,43.30357142857143
483020,의료AI,KOSPI,14080.0,12240.0,15.032679738562083,46.70947030497592
005160,동국산업,KOSDAQ,2835.0,2465.0,15.010141987829616,47.557003257328994
138610,나이벡,KOSDAQ,30300.0,26350.0,14.990512333965844,41.904761904761905
036630,세종텔레콤,KOSDAQ,7980.0,6940.0,14.98559077809798,46.15384615384615
381180,미국필라델피아반도체나스닥,KOSPI,30320.0,26375.0,14.957345971563974,47.32142857142857
394670,글로벌리튬,KOSPI,11620.0,10110.0,14.93570722057369,52.741020793950845
396520,차이나반도체FACTSET,KOSPI,10950.0,9530.0,14.900314795383007,40.42553191489362
000157,두산2우B,KOSPI,448500.0,390500.0,14.852752880921894,43.24324324324324
220180,핸디소프트,KOSDAQ,1967.0,1713.0,14.827787507297142,52.50338294993234
057680,티사이언티픽,KOSDAQ,666.0,580.0,14.827586206896548,51.61290322580645
036800,나이스정보통신,KOSDAQ,26000.0,22650.0,14.790286975717448,40.5
017550,수산세보틱스,KOSPI,1872.0,1631.0,14.77621091354997,41.46666666666667
298830,슈어소프트테크,KOSDAQ,7230.0,6300.0,14.761904761904754,41.49532710280374
254120,자비스,KOSDAQ,1192.0,1039.0,14.725697786333015,42.21556886227545
364980,차전지TOP10,KOSPI,9815.0,8560.0,14.661214953271017,40.28716216216217
300950,게임산업,KOSPI,6670.0,5820.0,14.604810996563566,48.55371900826446
447430,주주환원가치주액티브,KOSPI,16830.0,14686.0,14.598937763856746,42.08675263774913
332570,일렉트로닉스,KOSDAQ,5070.0,4425.0,14.576271186440671,43.0835734870317
122310,제노레이,KOSDAQ,4365.0,3810.0,14.566929133858263,41.228070175438596
317120,라닉스,KOSDAQ,1880.0,1641.0,14.564290067032303,48.42406876790831
198940,한주라이트메탈,KOSDAQ,678.0,592.0,14.527027027027017,51.26903553299493
044480,빌리언스,KOSDAQ,213.0,186.0,14.516129032258075,44.07894736842105
469050,미국반도체NYSE,KOSPI,20385.0,17810.0,14.458169567658619,42.03431372549019
488290,마이다스,KOSPI,34720.0,30368.0,14.33087460484721,44.29599177800617
469750,아이비젼웍스,KOSDAQ,1133.0,991.0,14.328960645812305,40.15873015873016
043370,피에이치에이,KOSDAQ,12690.0,11100.0,14.324324324324333,43.75
084695,대상홀딩스우,KOSPI,14450.0,12640.0,14.319620253164555,41.05090311986864
364990,게임TOP10,KOSPI,5590.0,4890.0,14.314928425357865,48.401826484018265
053290,능률,KOSDAQ,2040.0,1785.0,14.28571428571428,53.12977099236641
126700,하이비젼시스템,KOSDAQ,17600.0,15400.0,14.28571428571428,46.268656716417915
015710,코콤,KOSDAQ,3845.0,3365.0,14.264487369985135,48.717948717948715
094840,슈프리마에이치큐,KOSDAQ,7140.0,6250.0,14.240000000000009,43.682310469314075
083550,케이엠,KOSDAQ,3615.0,3165.0,14.218009478672977,45.98070739549839
175140,휴먼테크놀로지,KOSDAQ,3900.0,3415.0,14.202049780380666,47.96511627906977
192440,슈피겐코리아,KOSDAQ,24550.0,21500.0,14.186046511627914,41.86046511627907
036120,서울평가정보,KOSDAQ,2190.0,1918.0,14.181438998957251,58.62068965517242
234100,폴라리스세원,KOSDAQ,1071.0,938.0,14.179104477611947,40.452616690240454
000700,유수홀딩스,KOSPI,6450.0,5650.0,14.15929203539823,48.21428571428571
060260,뉴보텍,KOSDAQ,1042.0,913.0,14.12924424972617,46.1706783369803
364950,에이아이코리아,KOSDAQ,6230.0,5460.0,14.102564102564097,41.92634560906515
244580,바이오,KOSPI,13175.0,11550.0,14.069264069264076,46.461758398856325
356680,엑스게이트,KOSDAQ,6980.0,6120.0,14.052287581699341,44.03846153846154
115500,케이씨에스,KOSDAQ,8870.0,7780.0,14.010282776349614,44.278606965174134
047080,한빛소프트,KOSDAQ,1223.0,1073.0,13.979496738117426,51.88916876574307
261200,덴티스,KOSDAQ,4040.0,3545.0,13.963328631875882,45.75835475578406
195870,해성디에스,KOSPI,53500.0,46950.0,13.951011714589988,44.84210526315789
012330,현대모비스,KOSPI,401000.0,352000.0,13.920454545454541,43.24734446130501
078130,국일제지,KOSDAQ,312.0,274.0,13.868613138686126,43.10344827586207
003490,대한항공,KOSPI,24650.0,21650.0,13.85681293302541,43.83561643835617
033320,제이씨현시스템,KOSDAQ,4525.0,3975.0,13.83647798742138,51.967213114754095
001250,글로벌,KOSPI,2515.0,2210.0,13.800904977375561,41.1764705882353
269420,글로벌인프라,KOSPI,24495.0,21525.0,13.797909407665498,58.757062146892665
161890,한국콜마,KOSPI,69500.0,61100.0,13.747954173486088,47.07520891364902
424960,스마트레이더시스템,KOSDAQ,6710.0,5900.0,13.728813559322028,42.37288135593221
453630,미국S,KOSPI,13355.0,11744.0,13.717643051771123,51.800554016620495
023900,풍국주정,KOSDAQ,9950.0,8750.0,13.714285714285722,58.58895705521472
498050,바이오코리아액티브,KOSPI,16415.0,14440.0,13.677285318559562,43.95604395604395
002290,삼일기업공사,KOSDAQ,3915.0,3445.0,13.642960812772142,53.694581280788185
322180,티라유텍,KOSDAQ,7830.0,6890.0,13.642960812772142,46.54471544715447
000910,유니온,KOSPI,4415.0,3885.0,13.642213642213651,46.58634538152611
235980,메드팩토,KOSDAQ,5340.0,4700.0,13.617021276595743,41.666666666666664
408900,스튜디오미르,KOSDAQ,2380.0,2095.0,13.603818615751795,41.860465116279066
101970,우양에이치씨,KOSDAQ,12360.0,10880.0,13.602941176470583,45.205479452054796
300610,게임,KOSPI,6890.0,6065.0,13.602638087386643,46.01769911504425
078340,컴투스,KOSDAQ,33000.0,29050.0,13.597246127366613,41.66666666666667
191420,테고사이언스,KOSDAQ,13200.0,11620.0,13.597246127366613,44.490358126721766
246710,티앤알바이오팹,KOSDAQ,3135.0,2760.0,13.586956521739136,47.37903225806452
253230,선물인버스2X,KOSPI,276.0,243.0,13.58024691358024,47.69736842105263
009190,대양금속,KOSPI,1255.0,1105.0,13.574660633484159,47.25848563968668
466950,글로벌AI액티브,KOSPI,24875.0,21911.0,13.527451964766545,50.4983388704319
489010,글로벌AI인프라,KOSPI,17625.0,15525.0,13.526570048309171,52.974828375286044
317830,에스피시스템스,KOSDAQ,10340.0,9110.0,13.501646542261248,40.024479804161565
122690,서진오토모티브,KOSDAQ,2525.0,2225.0,13.483146067415742,40.71661237785016
465350,차전지TOP10인버스,KOSPI,18865.0,16625.0,13.473684210526326,53.62657931679925
207760,미스터블루,KOSDAQ,1095.0,965.0,13.471502590673579,43.09978768577495
226330,신테카바이오,KOSDAQ,3285.0,2895.0,13.471502590673579,44.1860465116279
377330,이지트로닉스,KOSDAQ,3000.0,2645.0,13.421550094517954,41.98473282442749
378850,화승알앤에이,KOSPI,3550.0,3130.0,13.418530351437695,45.16129032258064
269370,글로벌인프라,KOSPI,19145.0,16884.0,13.391376451077953,57.37122557726465
115530,씨엔플러스,KOSDAQ,288.0,254.0,13.38582677165354,55.94405594405594
377450,리파인,KOSDAQ,12630.0,11140.0,13.375224416517062,40.80882352941177
000155,두산우,KOSPI,502000.0,443000.0,13.318284424379234,41.260744985673355
064400,씨엔에스,KOSPI,65600.0,57900.0,13.29879101899827,42.95942720763723
033560,블루콤,KOSDAQ,3165.0,2795.0,13.23792486583184,53.164556962025316
353590,오토앤,KOSDAQ,2830.0,2500.0,13.199999999999989,42.814371257485035
083790,인바이츠,KOSDAQ,1381.0,1220.0,13.1967213114754,57.726269315673285
317400,자이에스앤디,KOSPI,4375.0,3865.0,13.19534282018111,41.256830601092894
171010,램테크놀러지,KOSDAQ,3390.0,2995.0,13.188647746243731,42.42424242424243
426030,미국나스닥100액티브,KOSPI,38075.0,33641.0,13.180345411848627,54.061624649859944
039440,에스티아이,KOSDAQ,32650.0,28850.0,13.171577123050259,47.22222222222223
094360,칩스앤미디어,KOSDAQ,16460.0,14550.0,13.127147766323022,41.46567717996289
441540,조선해운,KOSPI,32220.0,28495.0,13.072468854184937,41.00401606425702
012280,영화금속,KOSPI,1030.0,911.0,13.06256860592756,45.6359102244389
054410,케이피티유,KOSDAQ,3550.0,3140.0,13.05732484076434,52.84552845528455
228760,지노믹트리,KOSDAQ,19660.0,17390.0,13.053479010925816,40.696686491079014
009140,경인전자,KOSPI,22000.0,19460.0,13.052415210688583,50.0
139240,철강소재,KOSPI,13675.0,12100.0,13.016528925619841,42.30769230769231
263020,디케이앤디,KOSDAQ,3040.0,2690.0,13.011152416356886,48.582995951417004
419650,글로벌수소,KOSPI,4865.0,4305.0,13.008130081300816,52.7027027027027
188260,세니젠,KOSDAQ,1738.0,1538.0,13.003901170351106,50.53516819571866
110790,크리스에프앤씨,KOSDAQ,4305.0,3810.0,12.992125984251967,59.292035398230084
466410,사이냅소프트,KOSDAQ,11310.0,10010.0,12.987012987012992,44.65811965811966
069260,휴켐스,KOSPI,19090.0,16900.0,12.958579881656807,42.52163164400494
004140,동방,KOSPI,2750.0,2435.0,12.936344969199176,51.15384615384615
382150,온코크로스,KOSDAQ,7010.0,6210.0,12.88244766505635,43.51464435146443
033050,제이엠아이,KOSDAQ,897.0,795.0,12.83018867924528,51.68918918918919
033230,인성정보,KOSDAQ,1577.0,1398.0,12.804005722460655,43.70477568740956
212710,아이에스티이,KOSDAQ,7930.0,7030.0,12.802275960170695,40.339702760084926
360140,롱코스닥150숏선물,KOSPI,12975.0,11505.0,12.77705345501956,44.03765690376569
497570,미국필라델피아AI반도체나스닥,KOSPI,16800.0,14897.0,12.774384104182058,48.83485309017224
006490,인스코비,KOSPI,468.0,415.0,12.771084337349393,40.4891304347826
066970,엘앤에프,KOSPI,105100.0,93200.0,12.768240343347648,44.71830985915493
452450,피아이이,KOSDAQ,5480.0,4860.0,12.757201646090532,42.546583850931675
095700,제넥신,KOSDAQ,4825.0,4280.0,12.733644859813076,55.75916230366492
067630,생명과학,KOSDAQ,3765.0,3340.0,12.72455089820359,44.84848484848485
269530,글로벌인프라,KOSPI,22230.0,19722.0,12.71676300578035,53.53982300884957
464280,티디에스팜,KOSDAQ,9580.0,8500.0,12.705882352941167,41.09263657957245
036200,유니셈,KOSDAQ,9680.0,8590.0,12.68917345750873,44.76067270375162
246960,사이언스,KOSDAQ,1999.0,1774.0,12.683201803833155,48.46153846153846
075970,동국알앤에스,KOSDAQ,2270.0,2015.0,12.655086848635232,53.69127516778523
038620,위즈코프,KOSDAQ,616.0,547.0,12.614259597806221,54.31309904153355
179900,유티아이,KOSDAQ,21400.0,19010.0,12.57233035244607,47.289407839866556
004770,써니전자,KOSPI,1596.0,1418.0,12.552891396332866,48.23008849557522
300640,게임테마,KOSPI,7980.0,7090.0,12.552891396332866,43.38085539714867
460850,동국씨엠,KOSPI,5660.0,5030.0,12.5248508946322,42.69662921348315
198080,캐프,KOSDAQ,2390.0,2125.0,12.470588235294123,45.02369668246446
161000,애경케미칼,KOSPI,9670.0,8600.0,12.441860465116283,41.480206540447504
053260,금강철강,KOSDAQ,4265.0,3795.0,12.384716732542822,49.35897435897436
041440,현대에버다임,KOSDAQ,8180.0,7280.0,12.362637362637363,41.12903225806452
437730,삼현,KOSDAQ,48050.0,42800.0,12.266355140186924,46.68705402650357
336060,웨이버스,KOSDAQ,989.0,881.0,12.258796821793428,42.58373205741627
002360,에너지화학,KOSPI,394.0,351.0,12.250712250712258,49.40047961630696
039740,한국정보공학,KOSDAQ,3130.0,2790.0,12.186379928315416,42.47104247104247
475380,글로벌리얼티인컴,KOSPI,11400.0,10162.0,12.18264121235977,59.391771019677996
240600,유진테크놀로지,KOSDAQ,3090.0,2755.0,12.159709618874782,42.32081911262799
486450,미국AI전력인프라,KOSPI,21315.0,19010.0,12.125197264597576,56.647940074906366
081180,쎄크,KOSDAQ,12150.0,10850.0,11.981566820276491,42.09466263846929
037070,파세코,KOSDAQ,8150.0,7280.0,11.950549450549453,43.459915611814345
017180,명문제약,KOSPI,1888.0,1687.0,11.91464137522229,46.63677130044843
489860,글로벌전력GRID인프라,KOSPI,14965.0,13376.0,11.87948564593302,45.059288537549406
290120,오토리드,KOSDAQ,2685.0,2400.0,11.874999999999991,40.959409594095945
124560,태웅로직스,KOSDAQ,2785.0,2490.0,11.847389558232923,44.60093896713615
038870,에코바이오,KOSDAQ,2930.0,2620.0,11.832061068702293,45.289855072463766
348150,고바이오랩,KOSDAQ,4685.0,4190.0,11.813842482100245,41.09263657957245
015020,이스타코,KOSPI,464.0,415.0,11.807228915662659,59.040590405904055
051360,토비스,KOSDAQ,15560.0,13930.0,11.701363962670497,41.2751677852349
031310,아이즈비전,KOSDAQ,1463.0,1310.0,11.679389312977095,45.04347826086956
451250,삐아,KOSDAQ,8530.0,7640.0,11.64921465968587,43.80952380952381
010580,에스엠벡셀,KOSPI,2045.0,1832.0,11.626637554585152,43.60613810741688
246720,아스타,KOSDAQ,7310.0,6550.0,11.603053435114496,43.90243902439025
311320,지오엘리먼트,KOSDAQ,6930.0,6210.0,11.594202898550732,41.24293785310734
090150,아이윈,KOSDAQ,790.0,708.0,11.581920903954801,52.36486486486486
004920,씨아이테크,KOSPI,1094.0,981.0,11.518858307849133,41.45728643216081
396470,워트,KOSDAQ,6700.0,6010.0,11.480865224625614,40.48192771084338
019680,대교,KOSPI,1653.0,1483.0,11.463250168577211,45.66596194503172
033270,유나이티드제약,KOSPI,20200.0,18130.0,11.41753998896855,43.044189852700484
479620,미국AI반도체칩메이커,KOSPI,16000.0,14365.0,11.381830838844408,55.7649667405765
487950,대만테크고배당다우존스,KOSPI,10800.0,9700.0,11.340206185567014,57.40994072047424
017390,서울가스,KOSPI,67400.0,60600.0,11.221122112211223,45.88235294117647
432980,엠에프씨,KOSDAQ,3670.0,3300.0,11.212121212121207,51.0
090080,평화산업,KOSPI,934.0,840.0,11.190476190476195,44.14414414414414
488480,일본섹터TOP4Plus,KOSPI,13010.0,11705.0,11.149081589064513,42.756183745583044
129890,앱코,KOSDAQ,928.0,835.0,11.13772455089821,47.747747747747745
259960,크래프톤,KOSPI,234500.0,211000.0,11.137440758293838,41.19718309859155
009680,모토닉,KOSPI,11020.0,9920.0,11.08870967741935,44.86873508353222
206640,바디텍메드,KOSDAQ,12580.0,11340.0,10.934744268077612,42.857142857142854
049950,미래컴퍼니,KOSDAQ,15170.0,13680.0,10.891812865497075,42.31536926147705
462310,뉴키즈온,KOSDAQ,4025.0,3630.0,10.881542699724523,41.42857142857143
177350,베셀,KOSDAQ,1060.0,956.0,10.878661087866103,42.281879194630875
032080,아즈텍WB,KOSDAQ,1315.0,1186.0,10.876897133220908,50.76923076923077
490600,미국배당100데일리고정커버드콜,KOSPI,9400.0,8480.0,10.849056603773576,57.982120051085566
003580,글로벌,KOSPI,1957.0,1767.0,10.752688172043001,44.460227272727266
278650,바이오스텝,KOSDAQ,1217.0,1099.0,10.737033666969964,48.1651376146789
220260,켐트로스,KOSDAQ,5270.0,4760.0,10.71428571428572,43.86363636363636
053210,스카이라이프,KOSPI,5170.0,4670.0,10.706638115631684,46.19565217391304
117730,티로보틱스,KOSDAQ,19870.0,17950.0,10.696378830083564,42.403235124205665
372170,윤성에프앤씨,KOSDAQ,29000.0,26200.0,10.687022900763354,40.45977011494253
288980,모아데이타,KOSDAQ,624.0,564.0,10.63829787234043,56.35593220338983
014100,메디앙스,KOSDAQ,1687.0,1525.0,10.622950819672127,51.72413793103448
415760,차이나육성산업액티브,KOSPI,11665.0,10546.0,10.610658069410196,41.84914841849148
210980,디앤디,KOSPI,13450.0,12160.0,10.608552631578938,48.54368932038835
060590,씨티씨바이오,KOSDAQ,4020.0,3635.0,10.591471801925723,40.432098765432094
215600,신라젠,KOSDAQ,3395.0,3070.0,10.586319218241048,40.4191616766467
103230,에스앤더블류,KOSDAQ,3715.0,3360.0,10.565476190476186,41.96891191709844
010770,평화홀딩스,KOSPI,3980.0,3600.0,10.555555555555562,51.16959064327485
002170,삼양통상,KOSPI,58700.0,53100.0,10.546139359698682,42.94871794871795
084990,헬릭스미스,KOSDAQ,5880.0,5320.0,10.526315789473696,43.645083932853716
299030,하나기술,KOSDAQ,26250.0,23750.0,10.526315789473696,42.23918575063614
236810,엔비티,KOSDAQ,1912.0,1730.0,10.520231213872822,52.954545454545446
365000,인터넷TOP10,KOSPI,4950.0,4480.0,10.49107142857142,40.86687306501548
360150,코스닥150롱코스피200숏선물,KOSPI,6255.0,5665.0,10.414827890556055,54.357798165137616
252410,선물인버스,KOSPI,2165.0,1961.0,10.402855685874556,50.60827250608271
064350,현대로템,KOSPI,193200.0,175000.0,10.40000000000001,40.94689699296226
318160,셀바이오휴먼텍,KOSDAQ,7010.0,6350.0,10.393700787401583,40.33613445378151
096870,엘디티,KOSDAQ,2285.0,2070.0,10.386473429951693,52.63157894736843
270520,앱튼,KOSDAQ,202.0,183.0,10.382513661202175,41.72185430463576
491630,미국반도체인버스,KOSPI,10280.0,9315.0,10.359634997316158,59.238363892806774
114800,인버스,KOSPI,1686.0,1528.0,10.340314136125661,50.614754098360656
123310,인버스,KOSPI,1889.0,1712.0,10.338785046728983,50.75329566854991
415340,차이나과창판STAR50,KOSPI,12505.0,11335.0,10.322011468901637,40.10989010989011
310200,애니플러스,KOSDAQ,3170.0,2875.0,10.26086956521739,48.72727272727273
084440,유비온,KOSDAQ,1000.0,907.0,10.253583241455356,43.11377245508982
077500,유니퀘스트,KOSPI,6050.0,5490.0,10.200364298724951,40.932642487046635
410870,컬처액티브,KOSPI,11885.0,10785.0,10.19935095039406,41.497461928934015
006125,디스커버리우,KOSPI,39450.0,35800.0,10.195530726256985,42.600896860986545
013890,지누스,KOSPI,12130.0,11010.0,10.172570390554036,40.49079754601226
006880,신송홀딩스,KOSPI,7150.0,6490.0,10.169491525423723,51.834862385321095
331520,밸로프,KOSDAQ,553.0,502.0,10.159362549800788,45.486111111111114
023770,플레이위드,KOSDAQ,2875.0,2610.0,10.15325670498084,55.03875968992248
365900,브이씨,KOSDAQ,2935.0,2665.0,10.131332082551591,48.38709677419355
154030,아시아종묘,KOSDAQ,2120.0,1925.0,10.129870129870122,43.82716049382716
053620,태양,KOSDAQ,6870.0,6240.0,10.096153846153854,48.96551724137932
001527,동양2우B,KOSPI,8980.0,8160.0,10.049019607843146,50.42016806722689
