symbol,name,market,price,macd_hist,rsi,volume_ratio
012450,한화에어로스페이스,KOSPI,1476000.0,17021.972388518494,65.78947368421052,0.4229150096028867
079550,넥스원,KOSPI,730000.0,11575.997510430825,69.76170912078882,0.980476884803517
476830,알지노믹스,KOSDAQ,193900.0,5742.312695653439,70.77872012336161,1.212078419860529
087010,펩트론,KOSDAQ,316500.0,4517.658375019384,60.93366093366094,1.3415013978202162
376900,로킷헬스케어,KOSDAQ,103600.0,4174.507221517525,73.34878331402086,0.5482575029770773
310210,보로노이,KOSDAQ,347500.0,3512.1027415308454,63.220675944334,0.701841784139979
458870,씨어스테크놀로지,KOSDAQ,169400.0,3321.5044183552986,57.8544061302682,1.3646944016787093
278470,에이피알,KOSPI,328500.0,3106.4359579605225,58.46994535519126,0.636335642874982
295310,에이치브이엠,KOSDAQ,103200.0,2977.2684931993936,65.24064171122996,0.7050809138200876
174900,앱클론,KOSDAQ,88500.0,2917.6699947749685,71.42857142857143,2.0629631946827125
002960,한국쉘석유,KOSPI,532000.0,2690.0772422619557,60.658578856152516,0.4960907770013146
322000,현대에너지솔루션,KOSPI,119400.0,2343.309377090778,63.26388888888889,0.35973870416123377
065660,안트로젠,KOSDAQ,57600.0,2240.7958362176173,75.62189054726369,0.9327906464831183
468530,프로티나,KOSDAQ,90800.0,2136.139780655068,60.572987721691675,2.201546223374426
043260,성호전자,KOSDAQ,46800.0,1814.7801637896891,78.98172323759792,0.4632108352439537
327260,머트리얼즈,KOSDAQ,65000.0,1791.8996919258152,63.96128071481757,0.573654159086353
003030,세아제강지주,KOSPI,159600.0,1630.6919207365215,60.24464831804281,1.5451869806094183
486990,노타,KOSDAQ,46650.0,1628.153106355952,66.39566395663957,1.8489046563623046
115180,큐리언트,KOSDAQ,48000.0,1601.9493341911075,69.23076923076923,0.8560036333383972
138080,오이솔루션,KOSDAQ,34150.0,1596.1305896592708,72.70455965021861,1.0798103647210149
475830,오름테라퓨틱,KOSDAQ,131100.0,1567.218457851804,50.158478605388275,0.7804095332457127
425420,티에프이,KOSDAQ,58800.0,1540.650385013149,65.15151515151516,1.355421613580787
126340,비나텍,KOSDAQ,138500.0,1523.9828937360307,59.76653696498055,1.5724769148510478
084110,휴온스글로벌,KOSDAQ,74400.0,1439.8571607669128,71.21951219512195,1.261986545717441
131290,티에스이,KOSDAQ,114500.0,1381.3507937650547,67.06507304116866,0.8823471632105725
141080,리가켐바이오,KOSDAQ,201000.0,1331.4544808627297,58.540630182421225,0.867850197512165
044490,태웅,KOSDAQ,44800.0,1269.7635651092646,60.483870967741936,0.7723123020698959
107640,한중엔시에스,KOSDAQ,60300.0,1268.275477983337,62.35807860262009,0.6794838327826017
226950,올릭스,KOSDAQ,186700.0,1260.6660058260804,63.089683773976155,0.5319169366469898
042700,한미반도체,KOSPI,300000.0,1245.9520071690895,64.15929203539824,0.3934421784098197
389020,자람테크놀로지,KOSDAQ,55900.0,1227.059840215723,51.639344262295076,1.0234749118263806
230240,에치에프알,KOSDAQ,27150.0,1176.8741932952983,70.14051522248243,1.1209936856448046
124500,아이티센글로벌,KOSDAQ,69400.0,1146.841280727027,65.93806921675774,0.5199373070793484
475150,이터닉스,KOSPI,38450.0,1101.6922913327844,65.28497409326425,0.7935181628469883
357580,아모센스,KOSDAQ,25100.0,1048.427846550009,79.86289631533847,2.766666988809749
389470,인벤티지랩,KOSDAQ,90800.0,1045.8902255626208,62.00873362445415,0.9998617773745699
089030,테크윙,KOSDAQ,64100.0,1028.830047227977,74.72256473489519,0.4109241131940887
101930,인화정공,KOSDAQ,49500.0,987.1891800366675,62.26415094339623,0.6806667194970547
234340,헥토파이낸셜,KOSDAQ,40300.0,946.1798840552101,77.9245283018868,0.5058304465197309
263750,펄어비스,KOSDAQ,68500.0,922.0774121325462,69.30803571428571,1.430780753526581
010060,홀딩스,KOSPI,158100.0,894.0302683300124,54.83071841453344,0.9006520932959953
052020,에스티큐브,KOSDAQ,17100.0,889.4972152685115,80.19075568598679,1.4889415104511428
005090,에너지,KOSPI,58100.0,888.6676425492078,62.71493212669683,0.6916218194542466
475400,씨메스,KOSDAQ,39750.0,871.1844820983447,56.39943741209564,1.2588877363679516
032500,케이엠더블유,KOSDAQ,26000.0,862.3239914899144,66.7380824852705,1.460726286916687
083650,비에이치아이,KOSDAQ,101500.0,851.6809165833138,57.76836158192091,0.7144007419455745
003925,남양유업우,KOSPI,45000.0,820.1077366569107,70.4057279236277,1.579597092596337
073490,이노와이어리스,KOSDAQ,41600.0,806.1659874369288,61.25574272588055,0.8458707578348763
338840,와이바이오로직스,KOSDAQ,33900.0,772.6126237695951,64.62715105162525,5.273754388782492
189300,인텔리안테크,KOSDAQ,133500.0,761.3940763895771,60.16771488469602,0.5934991848743224
452280,한선엔지니어링,KOSDAQ,16450.0,761.0657516169587,74.43548387096774,1.2182657681669153
347850,디앤디파마텍,KOSDAQ,87600.0,741.0601995075417,50.79365079365079,1.0690432844215993
098070,한텍,KOSDAQ,42150.0,723.3100427721155,58.695652173913054,1.613526492924983
306200,세아제강,KOSPI,138200.0,649.095443861851,52.214452214452216,1.545378578694957
336260,두산퓨얼셀,KOSPI,42850.0,644.3071879885433,59.88286969253294,0.9478295499800876
120110,코오롱인더,KOSPI,71200.0,632.0889850669914,59.57854406130268,0.769936321102816
290550,디케이티,KOSDAQ,19000.0,630.5291828704633,72.52888318356868,0.5281973247902091
082920,비츠로셀,KOSDAQ,28000.0,627.5595057852414,69.8507462686567,2.1275261136359096
123330,제닉,KOSDAQ,27500.0,620.7216495455847,64.80173818576861,0.9185222507461663
052690,한전기술,KOSPI,172400.0,620.6429711703477,54.19906687402799,0.8865011256127937
033160,엠케이전자,KOSDAQ,16010.0,615.1890314089283,74.12244897959184,2.8193035972627447
034020,두산에너빌리티,KOSPI,105700.0,607.9273175180747,52.859350850077284,0.7581180757252107
003920,남양유업,KOSPI,55900.0,606.4597723263549,61.979166666666664,1.6557349056319497
261220,원유선물,KOSPI,23560.0,595.5352692401614,73.14108001130901,2.2236593185488203
032820,우리기술,KOSDAQ,24000.0,591.1524455646095,68.04492087799898,0.9162042032537216
017960,한국카본,KOSPI,45850.0,585.2157901788291,59.39278937381404,0.5295096954037682
322310,오로스테크놀로지,KOSDAQ,32000.0,584.7600691344317,62.96296296296296,0.9726447336871527
456160,지투지바이오,KOSDAQ,100200.0,583.8736082903933,51.37614678899082,4.32646841197499
360350,코셈,KOSDAQ,13200.0,582.4610870801405,86.5,0.6764098774389864
368770,파이버프로,KOSDAQ,19110.0,554.3149488942507,68.25622775800713,1.853920509982028
112610,씨에스윈드,KOSPI,56000.0,509.5098007585293,59.66057441253264,0.8428040017629177
417200,머트리얼즈,KOSDAQ,21550.0,499.7755243122897,63.98826979472141,1.424110471188075
000440,중앙에너비스,KOSDAQ,31200.0,497.9009023606236,65.80459770114942,0.8699850944731714
355150,코스텍시스,KOSDAQ,23400.0,483.0539249291213,61.53176675369886,2.0363704254326067
089890,코세스,KOSDAQ,27800.0,482.7913117462764,60.40515653775322,0.8811183024539093
050890,쏠리드,KOSDAQ,12340.0,475.7075196743429,69.67305524239008,0.4171206575245632
078600,대주전자재료,KOSDAQ,110700.0,474.9099505582899,58.56410256410256,0.3818636308815178
213420,덕산네오룩스,KOSDAQ,47600.0,435.89582975014423,56.22837370242215,2.070200560223724
007340,오토모티브,KOSPI,35850.0,428.3273747645203,60.42154566744731,4.396753030796114
476060,온코닉테라퓨틱스,KOSDAQ,24350.0,424.1262607358095,58.01142089351696,0.6435776037076832
133690,미국나스닥100,KOSPI,162725.0,421.28633921218824,66.65450565487049,0.5446574231964529
031980,피에스케이홀딩스,KOSDAQ,110000.0,410.4409880202511,72.23021582733813,0.8607428737473424
200710,에이디테크놀로지,KOSDAQ,48250.0,395.34734671899173,54.79616306954437,0.44899107229932694
183300,코미코,KOSDAQ,111500.0,378.91130776297126,51.27610208816705,0.6179947669543501
452430,사피엔반도체,KOSDAQ,36000.0,375.4612437882457,53.77176015473888,1.0449197830414751
474610,시스템즈,KOSDAQ,10910.0,375.1000031214442,75.91424968474149,6.748285369925272
296640,이노룰스,KOSDAQ,9320.0,371.63184916872035,89.97995991983967,0.5166959313808718
006110,삼아알미늄,KOSPI,36450.0,360.54875772116645,59.08183632734531,3.6904576125039665
039200,오스코텍,KOSDAQ,59300.0,359.7235384701699,56.67574931880108,1.6621610139730914
332610,미국단기회사채,KOSPI,136530.0,359.6921745544581,66.16369455875628,1.5672654690618761
046120,오르비텍,KOSDAQ,10000.0,355.50110824466793,69.32098765432099,2.2821892671334933
272110,케이엔제이,KOSDAQ,38250.0,344.08132626664496,59.5703125,1.0973708354675478
049430,코메론,KOSDAQ,19280.0,338.0428776994429,64.04833836858006,0.855544023143343
097230,중공업,KOSPI,26550.0,334.6408322602745,52.799057159693575,2.1863879259275216
131970,두산테스나,KOSDAQ,72800.0,330.3108833237959,57.904761904761905,1.8497201980467601
019210,와이지-원,KOSDAQ,12860.0,328.2283251283884,66.57848324514991,1.1825979289489434
402490,그린리소스,KOSDAQ,13950.0,325.4611116651821,74.46808510638297,0.6891390401635867
010170,대한광통신,KOSDAQ,7270.0,323.2036229852298,67.3582295988935,0.5541317192043062
382900,범한퓨얼셀,KOSDAQ,31700.0,316.6401610010266,51.286764705882355,1.4740664849794685
078070,유비쿼스홀딩스,KOSDAQ,14850.0,314.79198433586623,62.29327453142227,3.964175072996774
129920,대성하이텍,KOSDAQ,11190.0,313.40254817807295,71.55172413793103,1.5448984845491487
465610,미국빅테크TOP7,KOSPI,36095.0,295.4085179121829,59.64912280701754,0.5442755191071709
004000,롯데정밀화학,KOSPI,51100.0,291.66871135978204,52.109704641350206,1.6576802096178824
347700,스피어,KOSDAQ,52800.0,291.58467238357935,61.46496815286624,0.35121394579411847
117670,알파칩스,KOSDAQ,19800.0,286.6768430736446,57.464212678936605,1.267254389040767
314130,지놈앤컴퍼니,KOSDAQ,9060.0,283.0805911132789,60.901162790697676,1.3143586749213882
035080,그래디언트,KOSDAQ,14090.0,279.42800766852804,64.80793060718712,14.563788934314374
086820,바이오솔루션,KOSDAQ,12600.0,279.2502666700623,76.95167286245353,0.7145794466503921
475580,에이럭스,KOSDAQ,11430.0,276.9697963916272,61.599999999999994,3.228685145257311
036480,대성미생물,KOSDAQ,9880.0,271.25765851535834,70.66450567260941,5.089258333724973
388870,파로스아이바이오,KOSDAQ,11110.0,270.99364598794983,72.84345047923323,6.602737627471572
461910,미국테크TOP10레버리지,KOSPI,33935.0,268.38225046554794,58.816040738383194,0.43445635233679025
001275,부국증권우,KOSPI,37100.0,268.1234947227954,54.054054054054056,0.663359319631467
036170,에이치엠넥스,KOSDAQ,5250.0,264.9443441470413,87.68844221105527,1.6277577935619367
421320,우주항공,KOSPI,47990.0,264.1236649706925,61.71341925701289,0.602058467607757
036810,에프에스티,KOSDAQ,42300.0,263.979947906705,51.30830489192264,1.3182991386856058
272210,한화시스템,KOSPI,140000.0,260.7556134418719,59.74202308214528,0.47000920572496335
444530,심플랫폼,KOSDAQ,8240.0,259.92057220340166,63.793103448275865,1.6408573946356981
282720,금양그린파워,KOSDAQ,15280.0,251.08212276799304,60.31746031746031,1.5642121410557548
388790,라이콤,KOSDAQ,5450.0,247.0399115351692,78.2212086659065,0.2716579392050221
047040,대우건설,KOSPI,11980.0,244.69190434698226,71.66344294003869,0.9324048267441315
465350,차전지TOP10인버스,KOSPI,18865.0,238.7229091878844,53.62657931679925,0.5076298510642612
314250,미국빅테크10,KOSPI,50155.0,237.4797989582949,57.94663573085846,0.3770673120548969
222800,심텍,KOSDAQ,56000.0,235.64517728589007,55.41176470588235,1.5218863302756727
389260,대명에너지,KOSDAQ,20400.0,229.46593014354116,52.00458190148912,1.1131979112818622
309710,아이티켐,KOSDAQ,36200.0,228.54245525416374,55.841121495327094,0.8879281460224752
000720,현대건설,KOSPI,159600.0,227.20846174866165,58.857979502196194,0.48828622655545134
015750,성우하이텍,KOSDAQ,9850.0,221.3039402591844,56.243756243756245,0.8655498954316877
432720,퀄리타스반도체,KOSDAQ,14630.0,220.6162318223966,57.75100401606426,2.0237679440790304
264450,유비쿼스,KOSDAQ,14440.0,219.13072420013316,60.72727272727273,1.1192891225344976
389030,지니너스,KOSDAQ,5320.0,218.97919897766212,75.669099756691,0.9121544771653691
237690,에스티팜,KOSDAQ,155100.0,217.69336814916323,52.35294117647059,0.6129097276814128
219130,타이거일렉,KOSDAQ,33650.0,216.21306491343495,50.9719222462203,0.5089324819010234
006920,모헨즈,KOSDAQ,6820.0,214.71259421998968,70.45596502186133,0.1201649286673343
080580,오킨스전자,KOSDAQ,18970.0,214.33854613439212,56.77331518039482,0.6033141828979535
041910,폴라리스AI파마,KOSDAQ,8920.0,212.68619404257376,71.61016949152543,13.232359157685115
321370,센서뷰,KOSDAQ,4565.0,211.9752302557396,79.22885572139303,3.692325253304376
456680,차이나전기차레버리지,KOSPI,11265.0,203.97595768988413,76.71691792294807,1.5437727618196595
017860,단석,KOSPI,19410.0,200.72327476395756,52.33265720081136,0.7218778375982211
036890,진성티이씨,KOSDAQ,16330.0,198.29126610495487,53.389043639740024,1.431173418312
001550,조비,KOSPI,17450.0,196.2220908142658,58.76777251184834,2.466422637897164
456610,미국달러SOFR금리액티브,KOSPI,63835.0,190.86868219056663,68.1096681096681,0.9710760873860701
353200,대덕전자,KOSPI,67000.0,190.43629446242562,55.83756345177665,1.1540700230898258
253590,네오셈,KOSDAQ,19670.0,189.24961362126442,59.37866354044549,0.583639674702814
461300,아이스크림미디어,KOSDAQ,16710.0,188.73687568572404,56.405693950177934,0.7607381331046027
093640,케이알엠,KOSDAQ,5770.0,187.94930592095454,74.2761692650334,0.8225193077069625
105330,케이엔더블유,KOSDAQ,7880.0,185.20554508585735,72.34042553191489,0.33755922676500616
456200,미국달러SOFR금리액티브,KOSPI,63790.0,181.24855785889469,66.35911994322214,0.45013964185970096
109080,옵티시스,KOSDAQ,10390.0,181.0941413522579,59.05096660808436,0.7795045338559863
095660,네오위즈,KOSDAQ,27650.0,177.79405851428547,54.6816479400749,0.542666788836263
001755,한양증권우,KOSPI,25550.0,176.1556980075353,57.522123893805315,0.36660013862328705
490480,방산,KOSPI,39170.0,175.43721409010595,59.41893158388004,0.486596368537811
224060,더코디,KOSDAQ,5350.0,172.88914076016846,62.657613967022314,0.7365050105688878
144510,지씨셀,KOSDAQ,26100.0,169.52057396117823,52.88461538461539,1.4726604294567973
204480,차이나CSI300레버리지,KOSPI,29720.0,168.94721019616946,70.47619047619048,0.39647780435685714
178320,서진시스템,KOSDAQ,46300.0,168.31736849558456,65.55716353111433,0.6351270167465163
441270,파인엠텍,KOSDAQ,10850.0,167.19813321759847,51.79487179487179,1.0774042037328773
085620,미래에셋생명,KOSPI,17160.0,165.8904100617815,52.97823596792668,3.052426944396281
481180,미국AI소프트웨어,KOSPI,12790.0,164.09699771024816,69.375,0.46645448603606166
100590,머큐리,KOSDAQ,4990.0,163.81506899008207,68.50746268656717,0.8662986990946611
112290,와이씨켐,KOSDAQ,26850.0,163.4559503735212,54.0084388185654,0.8588975914350071
130680,원유선물Enhanced,KOSPI,6585.0,162.54496357194114,74.02597402597402,0.99105459869565
473590,미국주식베스트셀러,KOSPI,20170.0,162.39479004580704,67.2811059907834,1.6505355703582967
418660,미국나스닥100레버리지,KOSPI,33840.0,159.5925528926805,63.73056994818653,0.48113532383026525
036830,솔브레인홀딩스,KOSDAQ,54500.0,156.0099239169208,52.69230769230769,0.48383261776855907
448710,코츠테크놀로지,KOSDAQ,21300.0,152.05467356972338,56.55677655677656,1.1537992958903045
476000,포스트IPO액티브,KOSPI,13275.0,151.27344015376065,56.50557620817843,4.643330817536326
405000,플라즈맵,KOSDAQ,8050.0,149.7594140369124,69.3522906793049,0.32136685884081845
100090,오션플랜트,KOSPI,18840.0,149.68198812254803,50.27494108405342,0.776628455408448
056360,코위버,KOSDAQ,6380.0,146.25123111887348,61.08179419525066,1.4789367903122064
319660,피에스케이,KOSDAQ,74000.0,145.94458315087377,62.13592233009709,1.8159874028538683
084850,아이티엠반도체,KOSDAQ,11170.0,145.78774451081,61.53846153846154,1.1017653805575272
008355,남선알미우,KOSPI,14960.0,145.53370642130324,57.983193277310924,5.219062966025628
371460,차이나전기차SOLACTIVE,KOSPI,13705.0,144.60914659269648,78.74015748031496,0.7649326106994859
449450,방산,KOSPI,75810.0,138.4759113913019,56.234015345268546,0.8090484833066828
019540,일지테크,KOSDAQ,6230.0,137.28670630629273,60.54421768707483,1.4534991585344668
418670,글로벌AI사이버보안,KOSPI,12095.0,136.60075637482208,67.51054852320675,0.4194412907909234
473460,미국서학개미,KOSPI,22335.0,135.91457133511403,62.06896551724138,0.3843416640495993
074600,원익QnC,KOSDAQ,34850.0,135.26583169185847,59.701492537313435,0.7459151623877762
394800,쓰리빌리언,KOSDAQ,14850.0,135.24450667143407,50.73529411764706,1.446344616665347
048910,대원미디어,KOSDAQ,8740.0,134.908347395315,57.6271186440678,1.2072679525764252
412770,글로벌AI플랫폼액티브,KOSPI,12145.0,133.60353982885673,60.97560975609756,0.15507699460862986
014830,유니드,KOSPI,82600.0,133.53271428116886,51.329787234042556,0.6478359492987599
287180,미국나스닥테크,KOSPI,41955.0,131.9024550840286,55.57894736842105,0.8545820376806292
194480,데브시스터즈,KOSDAQ,42950.0,131.6419409554652,54.09836065573771,1.7453773032914444
169950,차이나A50,KOSPI,26670.0,129.80031140850718,65.5608214849921,0.9577221742881795
066310,큐에스아이,KOSDAQ,9780.0,127.74749184683631,57.48502994011976,0.5910099297134142
072870,메가스터디,KOSDAQ,12820.0,125.85617239958198,65.73816155988858,1.756613435602936
424980,마이크로투나노,KOSDAQ,14000.0,125.8296344552595,59.75715524718127,0.37992659894021114
331740,아우토크립트,KOSDAQ,19170.0,122.73814475445045,52.33589591957421,0.5996868024401635
148250,알엔투테크놀로지,KOSDAQ,3435.0,122.59952541377709,67.53554502369668,1.7261806593031024
255440,야스,KOSDAQ,11580.0,122.50275701648991,50.24630541871921,1.2036712784728454
433500,원자력TOP10,KOSPI,68105.0,120.59507868879518,54.66152999449642,1.016842428832181
065440,이루온,KOSDAQ,2435.0,120.46478070303978,81.91624365482234,2.859345758592572
090470,제이스텍,KOSDAQ,9200.0,119.1586447046866,70.01499250374812,1.5357102784119185
355690,에이텀,KOSDAQ,5500.0,118.9460642325977,83.79482523831139,0.7596122368379664
477490,에셋플러스,KOSPI,18665.0,118.63783187077689,64.4916540212443,0.4944423150632426
371450,글로벌클라우드컴퓨팅INDXX,KOSPI,10550.0,117.19089066254179,72.80219780219781,1.149150171519922
448280,에코아이,KOSDAQ,12120.0,117.0289772041038,57.5880758807588,1.1320485610706765
168580,중국본토CSI300,KOSPI,36480.0,116.83794326588784,66.43598615916954,1.7277730196621537
025860,남해화학,KOSPI,8650.0,116.81755225411871,60.76759061833689,1.7772045018155975
463250,방산,KOSPI,48350.0,115.90173305229064,59.577076310144044,0.7417609912276789
215380,우정바이오,KOSDAQ,3535.0,115.56494673542036,64.85148514851485,0.7843107511936127
009900,명신산업,KOSPI,10800.0,113.74325749647699,57.40149094781683,0.47138692601575366
381170,미국테크TOP10,KOSPI,29250.0,113.29105843396727,60.443037974683534,1.7685653268763522
321550,티움바이오,KOSDAQ,7420.0,113.12096892269591,58.49056603773585,0.9781653909820928
380540,옵티코어,KOSDAQ,4890.0,110.76822490959913,61.2701252236136,1.4595169902097422
464930,글로벌혁신블루칩TOP10,KOSPI,19610.0,110.31830013782752,62.990196078431374,1.0692159166477981
261110,미국달러선물레버리지,KOSPI,18505.0,108.74508247043406,67.8391959798995,0.5226824457593688
331920,셀레믹스,KOSDAQ,6470.0,108.35173243015504,71.22905027932961,0.7994066840833448
485690,미국AI밸류체인TOP3Plus,KOSPI,17555.0,107.8252984810707,63.966942148760324,0.5767332177258055
261250,미국달러선물레버리지,KOSPI,18520.0,106.28768202430203,67.87564766839378,0.48816249954901325
064850,에프앤가이드,KOSDAQ,21750.0,105.72045759287676,67.25403817914831,0.7670396625559347
232830,아이티센피엔에스,KOSDAQ,2990.0,105.59132243220346,76.29471436198611,0.6499491466862618
225800,미국달러선물레버리지,KOSPI,17520.0,100.83973526942486,67.32283464566929,0.2610698745840799
041020,폴라리스오피스,KOSDAQ,4890.0,100.16736189713362,55.50595238095239,10.923500314067768
256750,차이나심천ChiNext,KOSPI,16145.0,96.31204534689769,70.61503416856492,2.310809789046551
072950,빛샘전자,KOSDAQ,7670.0,95.8106671064063,58.51602023608769,1.3682463962049076
419430,차이나2차전지MSCI,KOSPI,12390.0,95.07541678674562,81.42857142857143,1.2302103137133689
019180,티에이치엔,KOSPI,8450.0,95.04752199921151,54.973821989528794,1.1439251776818713
023900,풍국주정,KOSDAQ,9950.0,94.82165977982694,58.58895705521472,0.8899181566344831
430500,물가채KIS,KOSPI,113880.0,93.94557123860746,57.129277566539926,1.4479638009049773
322510,제이엘케이,KOSDAQ,8760.0,93.83647128870156,57.099236641221374,1.9693341721793614
001560,제일연마,KOSPI,11850.0,93.80477619418019,57.47126436781609,0.39857470171256887
462510,라메디텍,KOSDAQ,5340.0,93.76591621766423,51.9809825673534,0.7265560976416328
138490,코오롱ENP,KOSPI,13260.0,90.10327569093272,60.42154566744731,0.5607789982847482
307750,국전약품,KOSDAQ,4655.0,88.94459667459458,68.70229007633587,0.6447138276758154
115440,우리넷,KOSDAQ,7550.0,88.73314016979113,53.68098159509202,0.6716692283104133
122640,예스티,KOSDAQ,25150.0,88.3966532293282,61.29032258064516,1.0310289913846824
006890,태경케미컬,KOSPI,9000.0,87.01601802787329,60.613207547169814,2.7710261153708307
187660,현대ADM,KOSDAQ,17500.0,86.98513732265428,61.47679324894515,0.4104141154861402
003300,한일홀딩스,KOSPI,17900.0,86.90094435225302,56.587473002159825,1.1232253030011952
465580,미국빅테크TOP7,KOSPI,21840.0,86.60695030854015,60.28513238289206,1.947759312561716
490590,미국AI밸류체인데일리고정커버드콜,KOSPI,12965.0,86.36101319600309,65.19721577726219,0.30908823431708926
461900,미국테크TOP10,KOSPI,21145.0,85.60113893644234,59.9640933572711,0.6516070517544357
407830,에셋플러스,KOSPI,15060.0,85.52358252475364,60.14492753623188,0.47736605093724027
027360,아주IB투자,KOSDAQ,6330.0,85.27334888270525,60.639880952380956,2.0919484921674614
088800,에이스테크,KOSDAQ,3420.0,85.10264556807236,58.264462809917354,0.9573534298960709
051160,지어소프트,KOSDAQ,7680.0,83.83727346898272,56.79442508710801,0.476562582396984
099320,쎄트렉아이,KOSDAQ,193200.0,82.27208568095375,58.52417302798982,0.36944346721310106
008060,대덕,KOSPI,12960.0,78.63952272887929,56.60919540229885,0.49162563681484217
256450,심천차이넥스트,KOSPI,15350.0,78.00109388880738,62.20338983050848,0.5959214283653985
010780,아이에스동서,KOSPI,31750.0,76.60141164418087,51.671732522796354,0.9157640977983867
238090,앤디포스,KOSDAQ,3125.0,76.3427211784423,81.59886471144749,0.6457068966027418
174360,중국본토대형주CSI100,KOSPI,24960.0,76.12094991025106,72.87671232876713,0.6284923427152318
367380,미국나스닥100,KOSPI,27990.0,72.49754553722539,67.09401709401709,0.8326220095434956
417500,제이아이테크,KOSDAQ,5140.0,72.1849339071789,66.81318681318682,3.202879679939306
024850,이노베이션,KOSDAQ,3820.0,72.0773042853632,66.86507936507937,2.9479352923333795
297090,씨에스베어링,KOSDAQ,7400.0,72.05372750773927,56.85071574642127,0.9938259865655561
104460,디와이피엔에프,KOSDAQ,15530.0,70.87511244903877,55.151515151515156,0.7971324122869486
005860,한일사료,KOSDAQ,4570.0,70.12983340533907,67.70981507823613,1.732279537883861
479620,미국AI반도체칩메이커,KOSPI,16000.0,69.78496606129619,55.7649667405765,0.7882863126500805
491630,미국반도체인버스,KOSPI,10280.0,69.70374952145232,59.238363892806774,1.3381846036001532
051370,인터플렉스,KOSDAQ,12620.0,69.64792063466723,51.94986072423398,0.7465969937423392
280320,미국IT인터넷,KOSPI,18280.0,68.99563780480051,52.58741258741258,0.19811174740752205
368590,미국나스닥100,KOSPI,27125.0,68.91623184800198,66.74008810572687,0.3417378343531465
474220,미국테크TOP10타겟커버드콜,KOSPI,15065.0,68.03424422859645,63.89891696750903,1.103087451067215
067920,이글루,KOSDAQ,6050.0,67.95133895976298,77.21518987341771,0.6205636425614593
039980,폴라리스AI,KOSDAQ,1936.0,66.83431646309981,60.97231600270088,4.834973539988983
498270,미국양자컴퓨팅,KOSPI,12415.0,66.26837321883437,60.21739130434783,0.41924262121885497
195990,에이비프로바이오,KOSDAQ,1859.0,65.45917108574952,88.46153846153847,3.125317285776068
039560,다산네트웍스,KOSDAQ,4480.0,64.86476977828019,55.16014234875445,1.4231379496661951
069540,빛과전자,KOSDAQ,1678.0,64.05813982208832,69.30533117932148,5.750855456164226
073540,에프알텍,KOSDAQ,2415.0,63.949312140977,64.14451261077028,1.6521316920515041
242040,나무기술,KOSDAQ,6390.0,63.44236569490897,65.3436018957346,1.780830847830564
261780,차백신연구소,KOSDAQ,3005.0,63.31383755910244,61.56351791530944,1.3677991792393505
053160,프리엠스,KOSDAQ,7980.0,63.191559546701086,65.95174262734585,1.1919576481652725
379810,미국나스닥100,KOSPI,24380.0,62.71503602319372,66.66666666666666,0.4192805231860145
485540,미국AI테크TOP10,KOSPI,14195.0,62.43740635911284,58.19209039548023,2.026222394444999
241770,메카로,KOSDAQ,30700.0,62.25990267535758,63.470319634703195,2.531543879553647
000227,유유제약2우B,KOSPI,10810.0,61.9229412498583,54.83870967741936,1.4671973084971073
318410,비비씨,KOSDAQ,7970.0,61.18499764161875,63.291139240506325,7.053762147939624
417450,글로벌수소경제,KOSPI,14005.0,60.617249355547074,59.97757847533632,2.1737880658088296
396510,차이나클린에너지SOLACTIVE,KOSPI,9650.0,60.25838357299912,78.17589576547232,1.1186517175519999
481190,미국테크TOP10,KOSPI,15870.0,60.24967682930581,59.66850828729281,1.9562584493949409
271940,일진하이솔루스,KOSPI,16880.0,58.76781140447497,57.295597484276726,0.6950490858842694
003000,부광약품,KOSPI,5940.0,58.766303738839156,55.79268292682927,0.6594486877473545
462900,바이오헬스케어액티브,KOSPI,23705.0,58.690637463637444,50.12605042016807,0.5491292809625504
459790,미국성장기업30액티브,KOSPI,19005.0,58.67650457208849,62.20806794055201,0.020478423458182467
137950,제이씨케미칼,KOSDAQ,3975.0,57.45067607351967,59.40766550522649,0.6329791637846834
032960,동일기연,KOSDAQ,16500.0,57.08835461721438,52.31788079470199,0.896367018534705
004440,삼일씨엔에스,KOSPI,6270.0,57.00631504754213,58.13148788927335,1.951250474408135
463680,미국S,KOSPI,17750.0,56.440075445554214,58.53131749460044,0.6153435162486642
007120,미래아이앤지,KOSPI,1846.0,56.21097786831527,78.54368932038835,1.425154018972508
483280,미국AI테크TOP10타겟커버드콜,KOSPI,12040.0,55.39265907708881,60.51386071670047,0.915835453562923
072130,유엔젤,KOSPI,5030.0,54.14404075195072,61.03151862464183,0.578683814394021
489290,미국빌리어네어,KOSPI,14990.0,53.858586425999775,64.62093862815885,0.35139707603583664
426030,미국나스닥100액티브,KOSPI,38075.0,53.54169178578142,54.061624649859944,1.0703100441057165
005010,휴스틸,KOSPI,4810.0,52.869647166530626,57.11159737417943,1.1080662096796532
138230,미국달러선물,KOSPI,17305.0,52.504622444719686,68.56368563685636,0.5021947234779641
036930,주성엔지니어링,KOSDAQ,64100.0,52.16770008529966,61.39630390143737,0.4426437230627893
096240,크레버스,KOSDAQ,11350.0,52.10080706658971,57.90960451977401,0.4641652326812515
365270,큐라클,KOSDAQ,19710.0,51.272881796071715,62.508858965272864,1.0778816863623455
122990,와이솔,KOSDAQ,7580.0,51.123385709833514,66.66666666666666,0.886398928563567
204610,티쓰리,KOSDAQ,2740.0,50.573420172974124,85.21816562778272,0.4882932130970324
189330,씨이랩,KOSDAQ,4485.0,49.72794798750857,50.537634408602145,1.2345830597833984
388050,지투파워,KOSDAQ,11680.0,49.08341641708137,50.17964071856287,1.0041833131125242
217730,강스템바이오텍,KOSDAQ,2475.0,49.03360385721503,56.138022561380225,0.9209455276049193
035460,기산텔레콤,KOSDAQ,2605.0,48.47721155202093,61.89005558987029,0.8368309929544672
483330,마이크로소프트밸류체인액티브,KOSPI,11665.0,47.80824835914862,52.77777777777777,2.8066910150878965
082640,동양생명,KOSPI,8340.0,46.86138567291897,57.407407407407405,0.36881233483538495
441330,차이나A50커넥트MSCI,KOSPI,12705.0,46.38699068743651,57.24815724815724,4.6139903709997165
002620,제일파마홀딩스,KOSPI,9170.0,46.0466850835125,65.28662420382166,0.43027211130628196
173940,에프엔씨엔터,KOSDAQ,3800.0,45.9261161046363,60.32388663967611,0.4461164748310375
115450,테라퓨틱스,KOSDAQ,2950.0,45.86906855500663,58.896210873146615,0.4276383584331477
283580,차이나CSI300,KOSPI,16275.0,45.59077181419258,69.90291262135922,0.39851507119698165
261240,미국달러선물,KOSPI,15255.0,45.453255426693346,67.85714285714286,0.9750683628845601
289480,커버드콜,KOSPI,10470.0,45.340443424653714,55.70175438596492,0.7925111161758323
483570,미국S,KOSPI,14720.0,44.89391014149665,55.68862275449102,0.3954027979429285
192090,차이나CSI300,KOSPI,13300.0,44.24850786492907,69.41176470588235,0.5366788387143425
033130,디지틀조선,KOSDAQ,3020.0,44.163876378377694,72.54237288135593,0.360662523107934
480020,미국빅테크7,KOSPI,11920.0,43.960026788880626,60.73500967117989,0.3267691069461512
088280,쏘닉스,KOSDAQ,2585.0,43.82163499135653,78.71333964049195,4.9297221583276984
228850,레이언스,KOSDAQ,6050.0,43.22055261964101,66.03053435114504,0.29305892521140453
438100,미국나스닥100미국채혼합50액티브,KOSPI,14880.0,42.909439050525506,77.47252747252747,0.6698309194439485
069730,제강,KOSPI,4825.0,42.00264983151479,61.06194690265487,0.5561979329967445
304670,미국30년국채울트라선물인버스,KOSPI,11775.0,41.9602757701782,67.3913043478261,0.0005246452086776317
101680,한국정밀기계,KOSDAQ,2900.0,41.894045206111116,51.98938992042441,12.893450083979653
016670,디모아,KOSDAQ,4200.0,40.97759403548835,55.94713656387665,0.0936024891463152
463050,바이오액티브,KOSPI,20170.0,40.755116265693744,50.72115384615385,0.46175985801956315
179530,애드바이오텍,KOSDAQ,1687.0,39.999062618422485,52.54237288135593,1.667415752196862
038070,서린바이오,KOSDAQ,6620.0,39.90110834422433,60.101010101010104,0.5817250030214625
476030,미국나스닥100,KOSPI,15400.0,39.831121451406936,66.16541353383458,0.3496894331042717
095910,에스에너지,KOSDAQ,1812.0,39.66225360675678,59.50892857142856,0.6073019575276005
460270,미국달러SOFR금리액티브,KOSPI,13355.0,39.52408454961306,66.13418530351439,0.8836188707907839
024740,한일단조,KOSDAQ,3435.0,39.47356407794868,63.67781155015197,2.0439023822926052
097870,효성오앤비,KOSDAQ,6560.0,39.41356889541002,54.63917525773195,1.0380036946344664
491830,미국AI반도체팹리스,KOSPI,14220.0,39.26443592243895,52.83993115318417,0.6947132081117581
457480,테슬라밸류체인액티브,KOSPI,21095.0,39.038051425602475,50.488599348534194,0.927599998509995
005610,삼립,KOSPI,52400.0,39.00081939625705,51.20967741935483,1.0211515747054563
463690,미국S,KOSPI,19730.0,38.555114106538866,68.18181818181819,0.1711802946653164
377220,프롬바이오,KOSDAQ,1650.0,38.323359709606095,68.49015317286651,12.853660279352278
456880,미국달러SOFR금리,KOSPI,12935.0,38.18595623191582,68.75,0.6029777507605061
490090,미국AI빅테크10,KOSPI,14540.0,37.88481985707709,54.74254742547424,2.1053854711285056
455030,미국달러SOFR금리액티브,KOSPI,12860.0,37.79911175042559,68.01994301994301,1.1341338801578233
456600,글로벌AI인공지능액티브,KOSPI,41870.0,37.328002481975915,54.19029615626969,0.5143230836754552
267450,미국장기국채선물인버스,KOSPI,10795.0,37.1426461352612,71.09375,0.007064641469445425
008350,남선알미늄,KOSPI,1715.0,36.58227664548737,73.06532663316582,5.062181333854936
185680,미국S,KOSPI,39230.0,36.27520739124543,58.72781065088758,0.2330966214762212
494300,미국나스닥100데일리커버드콜OTM,KOSPI,9945.0,35.70815463434697,71.9298245614035,0.5703165732213893
474800,미국원유에너지기업,KOSPI,15855.0,35.63776942824717,65.92178770949721,1.2171332778794117
003280,흥아해운,KOSPI,3035.0,35.52376070109372,67.86786786786786,3.749180364913911
487950,대만테크고배당다우존스,KOSPI,10800.0,35.09288937526699,57.40994072047424,0.9219789627143353
258610,케일럼,KOSDAQ,1539.0,34.61097768802979,63.88261851015801,11.657946188345301
491620,미국테크100데일리고정커버드콜,KOSPI,10500.0,34.329483798670594,62.31599607458292,0.6467058942535775
441680,미국나스닥100커버드콜,KOSPI,11210.0,34.263973068768756,80.55152394775037,0.6794226443224916
455960,미국달러SOFR금리액티브,KOSPI,12830.0,33.87361653112574,63.77708978328173,1.349745580752375
187220,디티앤씨,KOSDAQ,2835.0,33.04568081521544,63.53790613718411,11.44906814197596
491090,미국테크TOP3플러스,KOSPI,15945.0,32.63692226874066,55.0595238095238,0.3877787875388866
001260,남광토건,KOSPI,9030.0,32.559634176089006,50.53191489361702,0.824647159649146
219900,중국본토CSI300레버리지,KOSPI,5010.0,32.27496637536628,70.94017094017094,0.37815072589161886
040910,아이씨디,KOSDAQ,5500.0,32.26974320203237,59.34256055363322,0.8178000922453496
176950,국채선물10년인버스,KOSPI,57565.0,31.863251417882196,54.54545454545455,0.9485691414848909
218420,미국S,KOSPI,20035.0,31.583172297514466,67.16122650840751,0.8491332595079646
069460,대호에이엘,KOSPI,721.0,31.462724176858643,56.94164989939638,0.43559851818056056
290720,푸드나무,KOSDAQ,2715.0,31.391699068323994,69.7211155378486,2.2785436520864173
037350,성도이엔지,KOSDAQ,10700.0,31.241361883196305,63.93013100436681,0.28463323021432807
123010,알엔티엑스,KOSDAQ,1245.0,31.03370920004714,54.44049733570159,1.8668076114843313
290560,파라택시스이더리움,KOSDAQ,1950.0,30.910559518380083,63.686231486560615,0.6589042417729207
160580,구리실물,KOSPI,15775.0,30.709533188292873,62.29946524064171,0.4468443025089026
493810,미국AI빅테크10타겟데일리커버드콜,KOSPI,11300.0,30.554842134262714,55.42582417582418,1.2265192079033986
457600,벡트,KOSDAQ,2285.0,30.352333702147945,55.30035335689046,4.8989563009325545
095700,제넥신,KOSDAQ,4825.0,30.253494546060928,55.75916230366492,0.27974657939219066
185490,아이진,KOSDAQ,1485.0,30.229488468426155,65.58641975308642,0.48604161667266454
494410,미국S,KOSPI,12950.0,30.024841529229803,58.88888888888889,0.2805191419633547
310870,디와이씨,KOSDAQ,1609.0,29.780263543125315,65.8682634730539,0.459391522137492
304840,피플바이오,KOSDAQ,933.0,29.61572441410334,64.56692913385827,0.5965143330656782
486290,미국나스닥100타겟데일리커버드콜,KOSPI,10350.0,29.313360033376682,69.23076923076923,0.6286953526319559
210120,캔버스엔,KOSDAQ,1640.0,29.0090779188301,53.459119496855344,1.8092555200185216
095270,웨이브일렉트로,KOSDAQ,5480.0,28.91336395323961,57.096424702058506,3.8094873344380122
271060,대농산물선물,KOSPI,8485.0,28.744903861016383,63.291139240506325,1.249590757999638
463300,중국본토CSI300,KOSPI,13965.0,28.44119615621009,61.11111111111111,0.4049293361297309
196450,코아시아씨엠,KOSDAQ,1700.0,28.202946331657074,59.860627177700344,2.251943448277458
019660,글로본,KOSDAQ,2400.0,27.981844356849827,59.523809523809526,0.14582249065007685
396270,넥스트칩,KOSDAQ,3320.0,27.98040764600003,52.7027027027027,1.0776707978233637
438080,미국S,KOSPI,14090.0,27.95608705129933,72.45508982035929,0.8409450362365531
496770,글로벌방산,KOSPI,21525.0,27.947854579031116,54.55893254262417,1.0420106767813284
360150,코스닥150롱코스피200숏선물,KOSPI,6255.0,27.92782121436288,54.357798165137616,0.2392107389606439
468370,미국인플레이션국채액티브,KOSPI,11890.0,27.900801154157328,67.21991701244812,1.7444839847883278
081150,티플랙스,KOSDAQ,3345.0,27.786999607439355,58.33333333333333,2.881444207624878
282000,국고채3년선물인버스,KOSPI,113025.0,27.728364724925527,56.838905775075986,0.00041921284726141144
295020,국채선물10년인버스,KOSPI,57725.0,27.7183918469821,54.08653846153846,0.00016401176639707635
137080,나래나노텍,KOSDAQ,4585.0,26.9805786512402,52.010723860589806,0.5360225609278126
237820,플레이디,KOSDAQ,4535.0,26.879945998552543,53.42960288808665,3.097136116982101
070590,한솔인티큐브,KOSDAQ,2045.0,26.72071530688754,71.09375,1.887672812991446
437350,미국단기투자등급회사채액티브,KOSPI,13105.0,26.57266114061997,65.47619047619048,0.538395713966813
429270,시지트로닉스,KOSDAQ,4385.0,26.308761403647054,54.36893203883495,4.454650672507421
031860,디에이치엑스컴퍼니,KOSDAQ,512.0,26.234392547407396,53.366336633663366,1.2347201908250502
039570,랩스,KOSPI,8630.0,25.731151442439838,52.100840336134446,1.1776444013398237
334700,팔라듐선물인버스,KOSPI,3015.0,25.139688189144966,74.82993197278913,1.4699328517804
046970,우리로,KOSDAQ,1640.0,24.14660320054576,60.492379835873386,3.0100393887547505
331380,포커스에이아이,KOSDAQ,3095.0,23.622255424881335,56.70103092783505,0.5592006659767528
340360,다보링크,KOSDAQ,1870.0,23.493496430313897,68.07692307692308,1.3323371619218982
486450,미국AI전력인프라,KOSPI,21315.0,23.413345503506008,56.647940074906366,0.24944341183439203
039310,세중,KOSDAQ,1639.0,23.01136805481391,67.61904761904762,3.1685668159408293
391600,미국친환경그린테마,KOSPI,11935.0,22.66599281688017,59.66386554621848,1.1760480400249527
006880,신송홀딩스,KOSPI,7150.0,22.60319370979922,51.834862385321095,0.668346785486026
137610,농산물선물Enhanced,KOSPI,5455.0,22.536843118745267,71.03448275862068,1.15119929715659
023770,플레이위드,KOSDAQ,2875.0,22.43284664249655,55.03875968992248,0.5989521846503346
347770,핌스,KOSDAQ,1187.0,22.31412508048679,57.367668097281836,0.6564719181471952
480030,미국500데일리타겟커버드콜,KOSPI,10525.0,22.089755101639273,71.42857142857143,0.4420539157798317
051380,피씨디렉트,KOSDAQ,2010.0,22.06062667549834,54.6943231441048,0.9024546035222192
002420,세기상사,KOSPI,5730.0,22.044909946268135,55.40983606557377,0.12995249846885829
088790,진도,KOSPI,2510.0,21.945275104349278,75.32467532467533,0.99153322762793
252410,선물인버스,KOSPI,2165.0,21.887657699114044,50.60827250608271,0.3002625685693685
305080,미국채10년선물,KOSPI,13605.0,21.803723888887262,64.31226765799256,0.9581110582544498
437370,글로벌농업경제,KOSPI,11725.0,21.380125605753335,60.19900497512438,2.9182396684793903
413220,차이나태양광CSI,KOSPI,6635.0,21.295273501804786,69.81132075471697,0.91171476720804
038950,파인디지털,KOSDAQ,3200.0,20.954744627931333,65.78947368421052,0.4559757187600677
127710,아시아경제,KOSDAQ,1336.0,20.577838248861937,82.22698072805139,0.8830415273400547
066980,한성크린텍,KOSDAQ,1484.0,20.27823332884263,62.832800851970184,0.6850519741907849
138920,콩선물,KOSPI,12250.0,20.15921363473126,65.81920903954801,0.575
280940,골드선물인버스,KOSPI,2995.0,19.674188844222,60.810810810810814,1.2981798960551683
354240,미국고정배당우선증권,KOSPI,11825.0,19.630318738144506,64.68085106382978,0.4880583796286131
127120,제이에스링크,KOSDAQ,41100.0,19.59294434762569,56.188925081433226,0.8550382244553327
058110,멕아이씨에스,KOSDAQ,1774.0,19.561121215294705,50.76923076923077,0.6220089911538648
094800,맵스리얼티,KOSPI,7060.0,19.472535519134226,60.49382716049383,0.7574373948468146
123310,인버스,KOSPI,1889.0,19.470920667088123,50.75329566854991,0.7589677889402767
475630,년금리액티브,KOSPI,1061305.0,19.336016072031384,100.0,0.9057195289799663
288330,파라택시스코리아,KOSDAQ,869.0,18.998925404861403,58.81481481481482,0.5817400312238773
308620,미국10년국채선물,KOSPI,12720.0,18.795495605392695,64.14342629482071,0.8479307468489947
459580,금리액티브,KOSPI,1074455.0,18.211770461424067,100.0,0.8369404345253865
468380,미국하이일드액티브,KOSPI,11845.0,17.912557929994094,64.45556946182728,1.4195907797081546
499660,금리플러스액티브,KOSPI,1001490.0,17.705813671295573,100.0,0.7294366594129579
054410,케이피티유,KOSDAQ,3550.0,17.66028652455512,52.84552845528455,1.2620574149503183
494340,글로벌AI맞춤형반도체,KOSPI,12980.0,17.55148311693055,53.58565737051793,0.465144201906683
052860,아이앤씨,KOSDAQ,3845.0,17.451017633072624,63.59447004608295,3.602617419329928
348080,큐라티스,KOSDAQ,1168.0,17.429239706282882,62.56544502617802,1.0608969988040846
481050,년금리플러스액티브,KOSPI,1022510.0,17.32087647594483,100.0,2.053372411703045
219390,미국S,KOSPI,7410.0,17.22989468482274,63.67432150313152,0.7646480728408099
080420,모다이노칩,KOSDAQ,2115.0,17.105430089972316,53.78486055776892,0.10231296749227532
025880,케이씨피드,KOSDAQ,2970.0,17.090028826844772,62.60162601626016,1.1036729941494683
263920,휴엠앤씨,KOSDAQ,4260.0,17.077073558750755,55.0,0.2713968070122758
114800,인버스,KOSPI,1686.0,16.97539432895644,50.614754098360656,0.7415903096934907
159910,에코글로우,KOSDAQ,704.0,16.84290726346522,71.86544342507645,0.2370153774310567
002290,삼일기업공사,KOSDAQ,3915.0,16.53495456622353,53.694581280788185,0.5782231110946644
016100,리더스코스메틱,KOSDAQ,1600.0,16.494782131400555,52.84653465346535,0.08752397413928838
091700,파트론,KOSDAQ,8370.0,16.3431492650177,54.83870967741936,0.6609433348614769
001230,동국홀딩스,KOSPI,9680.0,16.145602911000992,51.012145748987855,0.7742964296372126
046390,삼화네트웍스,KOSDAQ,906.0,16.14421934795776,51.32530120481927,0.2943202105274778
303030,지니틱스,KOSDAQ,776.0,16.13302438390116,66.21621621621622,5.54713526053818
047400,유니온머티리얼,KOSPI,1580.0,15.907498119011667,52.437417654808954,0.6499173575428636
188260,세니젠,KOSDAQ,1738.0,15.620643978606338,50.53516819571866,10.644704009980964
360200,미국S,KOSPI,25055.0,15.134416555350477,60.294117647058826,0.6699379889408649
387270,글로벌이노베이션액티브,KOSPI,21810.0,15.04773853453392,53.98512221041445,0.6111736682546557
125020,티씨머티리얼즈,KOSDAQ,6040.0,14.993111288973068,51.49384885764499,0.49571246070637476
360750,미국S,KOSPI,24785.0,14.9345609568188,60.0,0.766409058072789
461340,글로벌생성형AI액티브,KOSPI,30665.0,14.718491597833165,52.902662592754254,0.2983387283555168
065530,와이어블,KOSDAQ,1424.0,14.674371013758664,56.326530612244895,0.3842651351902853
015260,에이엔피,KOSPI,700.0,14.520874117083501,54.21455938697318,0.08385592915546386
348350,위드텍,KOSDAQ,9900.0,14.509669035986633,51.07084019769357,0.6845784448727762
379800,미국S,KOSPI,22650.0,14.066859641558189,59.920634920634924,0.732452101341653
065650,하이퍼코퍼레이션,KOSDAQ,1964.0,14.055592623090655,61.912479740680716,0.5135038469536286
027040,서울전자통신,KOSDAQ,370.0,13.550811450921909,93.78531073446328,0.6984956603216865
035000,애드,KOSPI,8760.0,13.356410355661268,51.149425287356316,0.39608199244249065
004100,태양금속,KOSPI,3070.0,13.26904341433729,50.20242914979757,0.7635541576909335
110790,크리스에프앤씨,KOSDAQ,4305.0,13.251144478047173,59.292035398230084,2.323035097926756
095720,웅진씽크빅,KOSPI,1177.0,13.243431240485688,52.02558635394456,0.47709926019545457
110020,전진바이오팜,KOSDAQ,2325.0,13.164310433042232,53.13653136531366,7.614944910747828
109070,주성코퍼레이션,KOSPI,901.0,13.148747393427334,64.89028213166145,0.8888233685075146
205720,일본TOPIX인버스,KOSPI,1711.0,12.767607498468966,61.5979381443299,0.03416939786269187
062970,한국첨단소재,KOSDAQ,2385.0,12.667133983684522,50.5586592178771,0.3042291303824632
433330,미국S,KOSPI,20715.0,12.15107751313193,60.052219321148826,0.3409918023747381
444490,미국S,KOSPI,18940.0,12.071371852046429,60.67961165048544,1.3776199098845012
348210,넥스틴,KOSDAQ,81100.0,12.05532278952154,53.65344467640919,0.5180331066211193
291650,압타머사이언스,KOSDAQ,1554.0,12.012816125985225,73.56643356643356,4.177972497591798
429760,미국S,KOSPI,18445.0,11.823693240737526,60.732984293193724,1.3542479762144906
379780,미국S,KOSPI,21640.0,11.710751431271298,60.0,0.3561350891844161
039420,케이엘넷,KOSDAQ,2845.0,11.708411172743375,54.05405405405405,0.4150047021707097
238200,비피도,KOSDAQ,2895.0,11.638429226637392,55.63380281690141,0.46572547966646416
490330,미국치매,KOSPI,12185.0,11.169799008850303,50.35294117647059,0.13964735368264772
449770,미국S,KOSPI,19880.0,11.138509312415025,59.174311926605505,0.4680391886560154
017900,광전자,KOSPI,2050.0,11.059383062446688,52.51396648044692,0.7139381129782366
412350,레이저쎌,KOSDAQ,4950.0,11.048942934607169,57.298277425203985,0.27972318364932114
462980,아이지넷,KOSDAQ,2295.0,10.974022733241995,62.5615763546798,0.5017529369965219
049080,기가레인,KOSDAQ,517.0,10.948426955171895,64.31623931623932,0.3920342113706984
075970,동국알앤에스,KOSDAQ,2270.0,10.595909834976954,53.69127516778523,0.45923470778428094
100130,동국S,KOSDAQ,2105.0,10.586027064001819,52.227171492204896,0.8276502005775557
018470,조일알미늄,KOSPI,1344.0,10.519671096875967,55.86481113320079,6.5576442817174385
006570,대림통상,KOSPI,2100.0,10.490665517435993,51.84638109305761,0.08789315109097788
091970,나노캠텍,KOSDAQ,664.0,10.476655053775385,56.88976377952756,0.20722544826929762
290660,네오펙트,KOSDAQ,998.0,10.343659261917876,59.41123996431757,3.21298935747871
315640,딥노이드,KOSDAQ,3550.0,10.333122652342494,51.97368421052632,0.5746826741381851
399580,글로벌클린에너지,KOSPI,10345.0,10.173753723732894,53.97727272727273,1.3797977245178288
187790,나노,KOSDAQ,4425.0,9.741602546962554,61.39630390143738,0.608714839167794
292770,국채선물3년인버스,KOSPI,56815.0,9.69227568489125,58.47457627118644,0.0
016450,한세예스24홀딩스,KOSPI,4845.0,9.530672956143775,65.11627906976744,0.3850291641500713
054090,삼진엘앤디,KOSDAQ,765.0,9.403843560982843,58.67237687366166,0.20254264382347179
053290,능률,KOSDAQ,2040.0,9.268311824000929,53.12977099236641,0.5450542844007497
096870,엘디티,KOSDAQ,2285.0,9.249919938776436,52.63157894736843,0.4836342697875334
335870,윙스풋,KOSDAQ,2085.0,9.200107808446845,50.645994832041346,0.501140985494727
007680,대원,KOSDAQ,4150.0,9.180116782175606,52.331606217616574,0.10735695436578692
002870,신풍,KOSPI,1246.0,9.123587392487504,53.3442088091354,0.31324368617591625
482730,미국S,KOSPI,11675.0,8.78240229375979,59.41255006675567,0.4434583904851143
215480,토박스코리아,KOSDAQ,2115.0,8.655381623117224,55.38461538461538,0.19055323804010924
382800,지앤비에스,KOSDAQ,4485.0,8.141258186528134,58.33333333333333,7.601899179982052
484590,삼양컴텍,KOSDAQ,13320.0,8.05784790034025,53.13404050144647,0.3653389194648472
005750,대림바스,KOSPI,5530.0,7.930491069553053,50.442477876106196,3.1403516826591984
033560,블루콤,KOSDAQ,3165.0,7.895732142290463,53.164556962025316,0.415681560389763
440340,글로벌멀티에셋TIF액티브,KOSPI,12555.0,7.690335961226566,65.97222222222223,0.7776206384720805
290520,신도기연,KOSDAQ,1694.0,7.467691453643887,56.62650602409638,0.22166036157633595
475350,버크셔포트폴리오TOP10,KOSPI,14130.0,7.394029021443625,50.442477876106196,0.5627557288638266
236810,엔비티,KOSDAQ,1912.0,7.272239257577482,52.954545454545446,0.45857035170038885
292560,일본엔선물,KOSPI,8685.0,7.11065975307905,53.278688524590166,0.21719502761521622
008370,원풍,KOSDAQ,4880.0,6.84925985126477,51.77664974619289,0.6000168702025361
489000,일본엔화초단기국채,KOSPI,9925.0,6.787271335017188,53.086419753086425,0.3015623178041627
037760,쎄니트,KOSDAQ,1907.0,6.685540527450652,67.14975845410629,0.10808921292626139
036120,서울평가정보,KOSDAQ,2190.0,6.626158398614891,58.62068965517242,0.22694250916737116
432840,미국S,KOSPI,18570.0,6.621983577143535,55.2865213882163,0.3488837132707554
460470,아이빔테크놀로지,KOSDAQ,3440.0,6.571195404071382,51.34020618556701,0.32970751227452033
001527,동양2우B,KOSPI,8980.0,6.4455812531515875,50.42016806722689,0.25934861278648974
463640,미국S,KOSPI,16270.0,6.352661793848256,71.875,0.8910497799386689
218150,미래생명자원,KOSDAQ,3345.0,6.271822463850214,56.73469387755103,0.7071040913327854
419650,글로벌수소,KOSPI,4865.0,6.016974969718525,52.7027027027027,0.7923284470529331
083660,코스믹,KOSDAQ,296.0,5.918894699086309,60.402684563758385,0.3399955355416753
044780,에이치케이,KOSDAQ,1422.0,5.624041844115467,66.31205673758865,2.3303035673595462
007280,한국특강,KOSPI,1396.0,5.579317178308097,51.051051051051054,0.32201469045120673
008040,사조동아원,KOSPI,1148.0,5.4919822942707075,52.032520325203244,0.6511573468989176
225030,미국S,KOSPI,2565.0,5.48801078113755,60.65573770491803,0.4481316762646264
047080,한빛소프트,KOSDAQ,1223.0,5.39149990026322,51.88916876574307,1.282654973990811
332290,누보,KOSDAQ,1362.0,5.317754826268949,60.232220609579095,1.053007309219615
425040,티이엠씨,KOSDAQ,9710.0,5.2004351913289995,51.00775193798449,6.6164676155212225
057680,티사이언티픽,KOSDAQ,666.0,5.190565302930111,51.61290322580645,0.865354642244663
002680,한탑,KOSDAQ,782.0,5.188162250248414,64.64646464646464,0.508641648130048
038540,상상인,KOSDAQ,2210.0,4.9530243949935056,56.77966101694915,0.6046392832630358
008290,원풍물산,KOSDAQ,372.0,4.892043699913483,59.46843853820599,0.1050050809734498
480310,글로벌온디바이스AI,KOSPI,13220.0,4.77709479895411,51.5274949083503,0.3042033805269854
002720,국제약품,KOSPI,4965.0,4.75193144221123,57.870370370370374,0.3265489829856826
428510,차이나AI테크액티브,KOSPI,21000.0,4.346550744826914,57.275021026072324,0.3636171398911936
288980,모아데이타,KOSDAQ,624.0,4.2810624627289755,56.35593220338983,0.13989264238812818
065690,파커스,KOSDAQ,1459.0,4.249290529603655,54.385964912280706,0.8134826984899236
328380,솔트웨어,KOSDAQ,814.0,4.114432372735177,52.064220183486235,0.3817807579118386
015020,이스타코,KOSPI,464.0,4.087057538157261,59.040590405904055,0.0
050090,비케이홀딩스,KOSDAQ,647.0,3.9472110443532955,50.98591549295774,0.08442703835841105
014100,메디앙스,KOSDAQ,1687.0,3.91643678883071,51.72413793103448,0.04061529402365073
409810,미국나스닥100선물인버스,KOSPI,6650.0,3.6891746468455153,54.10628019323672,0.6282189716380924
166400,커버드콜OTM,KOSPI,19450.0,3.674519946547207,50.98735615854525,0.19821243995865506
241690,유니테크노,KOSDAQ,3900.0,3.512777923725107,50.96952908587258,0.5188399821772132
198940,한주라이트메탈,KOSDAQ,678.0,3.447907312287917,51.26903553299493,0.3160646606562561
038620,위즈코프,KOSDAQ,616.0,3.39098313730962,54.31309904153355,0.4714877071171997
046210,파나진,KOSDAQ,2035.0,3.3540434915616615,53.38218714768884,0.411544371612241
219750,한국비티비,KOSDAQ,873.0,3.241039773716135,59.94623655913979,0.20729092732292193
128660,피제이메탈,KOSDAQ,3255.0,3.094538020741517,52.45098039215686,1.31019738513695
262840,아이퀘스트,KOSDAQ,1785.0,3.0923736806180013,56.57894736842105,0.5650153366427788
468630,미국투자등급회사채액티브,KOSPI,11995.0,3.085905510394859,57.714958775029444,1.2654221787745636
038060,루멘스,KOSDAQ,725.0,3.0310886611014123,56.58119658119658,0.4898477883867376
491610,금리액티브,KOSPI,103520.0,2.988221024386746,100.0,0.4916104265989722
115530,씨엔플러스,KOSDAQ,288.0,2.83016571564181,55.94405594405594,0.7608704398336387
497780,미국천연가스인프라액티브,KOSPI,11820.0,2.8101508567076507,64.75800954328562,1.058528847500578
090150,아이윈,KOSDAQ,790.0,2.73024007162347,52.36486486486486,0.17314333418161384
487340,머니마켓액티브,KOSPI,104195.0,2.6630268065099614,100.0,0.2659896159286117
363510,단기통안채,KOSPI,110915.0,2.6292981998683445,96.96969696969697,0.1680672268907563
491230,국공채머니마켓액티브,KOSPI,51790.0,2.480147635476605,62.903225806451616,0.0945790489000584
435040,글로벌브랜드TOP10,KOSPI,19270.0,2.4601540089306653,54.96894409937888,0.08444490400854789
032080,아즈텍WB,KOSDAQ,1315.0,2.439258053124785,50.76923076923077,0.2784731636443218
488770,머니마켓액티브,KOSPI,103820.0,2.383103007036283,100.0,0.7805086801789332
192410,오늘이엔엠,KOSDAQ,1162.0,2.346639930052703,100.0,0.0
449170,금리액티브,KOSPI,110425.0,2.3088951343176234,100.0,0.9783453359984375
196230,단기통안채,KOSPI,115670.0,2.192660633386197,89.74358974358974,0.5308543231891469
453010,금리,KOSPI,108575.0,2.1236693429117963,100.0,0.24757641501661493
351320,넥사다이내믹스,KOSDAQ,1180.0,2.0966317567200683,51.16279069767442,0.9745310094739758
453060,금리액티브,KOSPI,110055.0,2.0963818896347988,87.75510204081633,0.27073909050712563
458210,금리액티브,KOSPI,109150.0,2.055414938736604,86.95652173913044,1.6004150184812918
038880,아이에이,KOSDAQ,143.0,2.042566851662777,55.38461538461538,0.5287588593894205
113810,디젠스,KOSDAQ,780.0,2.00706349049216,54.084967320261434,0.2877095268281187
479520,금리액티브,KOSPI,105105.0,1.8778405977095218,96.96969696969697,2.1035042670493165
423160,금리액티브,KOSPI,110745.0,1.8156965665325089,100.0,1.065728459255814
157450,단기통안채,KOSPI,111280.0,1.7959268024022919,80.48780487804878,0.25136277429435927
130730,단기자금,KOSPI,101805.0,1.778698503411917,87.8048780487805,0.3459162663006177
190620,단기통안채,KOSPI,100840.0,1.7665240689355883,90.3225806451613,0.0640860166780772
496020,전단채플러스액티브,KOSPI,51640.0,1.7359673703635892,100.0,0.2527797265982099
357230,에이치피오,KOSDAQ,2440.0,1.7183740267633798,51.96078431372549,0.8376170003950005
042040,케이피엠테크,KOSDAQ,167.0,1.7087251435909803,50.98039215686275,0.5669376616716236
484890,머니마켓액티브,KOSPI,51905.0,1.697826846861652,94.73684210526315,0.5742707537161045
153490,우리이앤엘,KOSDAQ,784.0,1.6602881551590514,59.119496855345915,0.1238120524838388
126640,화신정공,KOSDAQ,1550.0,1.622160272875476,52.27272727272727,0.7747810212979208
465780,마이티,KOSPI,105080.0,1.5861831714602914,89.1891891891892,8.093645484949834
038500,삼표시멘트,KOSDAQ,17100.0,1.5645442676436687,53.42813610970036,0.381146251701047
477080,금리액티브,KOSPI,106070.0,1.528639458532794,100.0,0.5409133321613545
399110,미국S,KOSPI,19615.0,1.3671214453900333,53.15985130111524,0.574504699289591
455890,머니마켓액티브,KOSPI,54665.0,1.3543689192304385,95.45454545454545,0.6093912262297955
458030,국공채머니마켓액티브,KOSPI,54325.0,1.325116289085507,87.5,0.9908323720478417
494210,미국500타겟데일리커버드콜액티브,KOSPI,10730.0,1.3090630999122617,54.82041587901701,1.940717505337797
464240,회사채,KOSPI,52205.0,1.275664094714287,62.31884057971014,0.4449042938437662
357870,금리투자KIS,KOSPI,57220.0,1.2420192027732,100.0,0.710621013442706
486830,머니마켓액티브,KOSPI,52520.0,1.2299142850324074,88.0,0.3125705185653219
272560,단기국공채액티브,KOSPI,113630.0,1.2248027668283754,72.72727272727272,2.022760852082515
083790,인바이츠,KOSDAQ,1381.0,1.2189351318807624,57.726269315673285,0.24548324889834994
463290,단기금융채액티브,KOSPI,107815.0,1.1423962848416238,100.0,0.6860691569478332
479080,머니마켓액티브,KOSPI,52960.0,1.0374037682969544,100.0,0.3580648615361285
488980,회사채,KOSPI,51440.0,1.019415924960029,84.0,1.6672028826973813
088910,동우팜투테이블,KOSDAQ,2435.0,1.0050440605539563,53.409090909090914,0.13247698902153868
495710,특수채,KOSPI,51435.0,0.9422818432240945,89.47368421052632,17.20812182741117
010280,아이티센엔텍,KOSDAQ,1140.0,0.8540881665765534,53.40236686390532,0.3613151734563369
217190,제너셈,KOSDAQ,6160.0,0.8304599071507113,52.653927813163484,0.29379321876946257
072770,멤레이비티,KOSDAQ,780.0,0.8302295696844801,52.892561983471076,0.3712515417336496
013990,아가방컴퍼니,KOSDAQ,4985.0,0.7931808980797115,53.4435261707989,0.8010757093464006
480260,회사채,KOSPI,53325.0,0.7300389160255882,52.17391304347826,0.5854923445568168
497880,금리,KOSPI,50075.0,0.7245249118975892,81.48148148148148,0.9831112559850178
002140,고려산업,KOSPI,2765.0,0.6411042291260003,57.065217391304344,0.4340986581823626
475280,월만기자동연장회사채AA-이상액티브,KOSPI,10580.0,0.5576951554271288,75.0,0.01537909161630064
477050,머니마켓액티브,KOSPI,52715.0,0.5514732482060793,84.61538461538461,0.6538096917348672
476450,머니마켓액티브,KOSPI,52035.0,0.5115010194880227,80.0,0.0992213385363068
228340,동양파일,KOSDAQ,2290.0,0.4043061928799716,57.03125,0.3993345729694999
475260,월만기자동연장회사채AA-이상액티브,KOSPI,10615.0,0.3642450377863895,80.0,0.148815586096167
473290,회사채,KOSPI,10755.0,0.20971421544019275,57.142857142857146,1.0908542747633356
461270,회사채,KOSPI,11125.0,0.14308152562888665,89.47368421052632,0.5953903087441317
475270,월만기자동연장회사채AA-이상액티브,KOSPI,10590.0,0.0498993227508695,71.42857142857143,0.059402962628769075
